id_venta,fecha,id_cliente,id_producto,cantidad,precio_unitario,metodo_pago,canal_venta
,01/01/2023,26.0,128.0,1.0,411094.0,Tarjeta Crédito,Web
2.0,2023-01-01,47.0,111.0,8.0,330096.0,Tarjeta Débito,Web
3.0,02/01/2023,288.0,136.0,19.0,398324.0,WEBPAY,Tienda Física
4.0,2023-01-03,266.0,106.0,,136701.0,  Webpay  ,Tienda Física
5.0,03/01/2023,16.0,186.0,3.0,346487.0,Webpay,Marketplace
6.0,2023-01-04,199.0,144.0,5.0,132767.0,Tarjeta Débito,Web
7.0,05/01/2023,282.0,72.0,,469595.0,  Webpay  ,Tienda Física
8.0,06/01/2023,86.0,129.0,15.0,318551.0,Transferencia,Tienda Física
9.0,2023-01-06,250.0,108.0,14.0,162931.0,  Tarjeta Débito  ,Marketplace
,2023-01-07,270.0,5.0,16.0,135486.0,Transferencia,App
11.0,2023-01-08,117.0,3.0,18.0,96272.0,Tarjeta Débito,Web
12.0,09/01/2023,7.0,193.0,11.0,347626.0,webpay,Tienda Física
13.0,09/01/2023,137.0,132.0,3.0,110139.0,Transferencia,
14.0,10/01/2023,176.0,,10.0,298056.0,Transferencia,Marketplace
15.0,11/01/2023,215.0,64.0,10.0,,Transferencia,Marketplace
16.0,2023-01-11,82.0,106.0,16.0,331323.0,Tarjeta Débito,Tienda Física
17.0,2023-01-12,223.0,98.0,12.0,407655.0,Efectivo,Web
18.0,13/01/2023,103.0,10.0,2.0,389235.0,Webpay,App
19.0,14/01/2023,273.0,149.0,9.0,,Transferencia,Web
20.0,14/01/2023,,128.0,,94673.0,  Efectivo  ,Marketplace
21.0,2023-01-15,159.0,46.0,15.0,45104.0,Webpay,Marketplace
22.0,16/01/2023,152.0,155.0,3.0,349775.0,,App
23.0,17/01/2023,108.0,66.0,,184805.0,Transferencia,Web
24.0,2023-01-17,188.0,169.0,18.0,216741.0,  Transferencia  ,Marketplace
25.0,18/01/2023,98.0,112.0,8.0,16543.0,Tarjeta Débito,Marketplace
26.0,2023-01-19,,13.0,17.0,130529.0,efectivo,Web
27.0,19/01/2023,293.0,137.0,8.0,17805.0,  Efectivo  ,Marketplace
28.0,2023-01-20,171.0,164.0,7.0,439714.0,  Transferencia  ,Web
29.0,2023-01-21,183.0,86.0,7.0,$122455.0,Webpay,Marketplace
30.0,22/01/2023,39.0,90.0,3.0,279111.0,Transferencia,Web
31.0,2023-01-22,15.0,58.0,1.0,20451.0,webpay,App
32.0,2023-01-23,4.0,54.0,4.0,333757.0,Webpay,Marketplace
33.0,2023-01-24,210.0,12.0,5.0,162191.0,  Transferencia  ,App
34.0,2023-01-25,161.0,14.0,1.0,449062.0,,Marketplace
35.0,2023-01-25,16.0,121.0,15.0,444171.0,Efectivo,Marketplace
36.0,26/01/2023,108.0,162.0,5.0,163320.0,WEBPAY,Tienda Física
37.0,2023-01-27,227.0,181.0,13.0,450579.0,Webpay,Web
38.0,28/01/2023,,121.0,8.0,498083.0,  Tarjeta Crédito  ,App
39.0,2023-01-28,34.0,20.0,8.0,412882.0,,App
40.0,2023-01-29,251.0,75.0,5.0,422591.0,Tarjeta Crédito,App
41.0,30/01/2023,247.0,,9.0,125255.0,Tarjeta Crédito,Web
42.0,30/01/2023,269.0,70.0,1.0,288774.0,webpay,Tienda Física
43.0,31/01/2023,141.0,56.0,4.0,34561.0,Efectivo,App
44.0,01/02/2023,274.0,101.0,3.0,48364.0,Tarjeta Crédito,Web
45.0,2023-02-02,,186.0,2.0,~499447.0,TARJETA DÉBITO,Marketplace
46.0,2023-02-02,227.0,132.0,8.0,163993.0,  Transferencia  ,App
47.0,03/02/2023,39.0,111.0,9.0,374344.0,Tarjeta Crédito,App
48.0,04/02/2023,29.0,125.0,2.0,403526.0,  Tarjeta Crédito  ,Tienda Física
49.0,2023-02-05,245.0,132.0,14.0,429154.0,Tarjeta Débito,App
50.0,05/02/2023,236.0,20.0,14.0,498817.0,Efectivo,App
,,,138.0,4.0,,Tarjeta Crédito,Marketplace
52.0,2023-02-07,272.0,24.0,6.0,21135.0,Tarjeta Crédito,Web
53.0,2023-02-07,236.0,154.0,11.0,206185.0,Efectivo,Web
54.0,2023-02-08,239.0,37.0,3.0,65910.0,Tarjeta Débito,Tienda Física
55.0,09/02/2023,266.0,54.0,8.0,12191.0,Tarjeta Crédito,
56.0,10/02/2023,65.0,103.0,,180853.0,Efectivo,Web
57.0,10/02/2023,177.0,149.0,14.0,392085.0,Tarjeta Crédito,Marketplace
58.0,11/02/2023,3.0,38.0,,283524.0,Transferencia,Web
59.0,2023-02-12,142.0,174.0,13.0,157076.0,Webpay,Marketplace
60.0,2023-02-13,158.0,4.0,2.0,327517.0,Transferencia,Tienda Física
61.0,2023-02-13,146.0,188.0,13.0,116777.0,Tarjeta Crédito,App
62.0,2023-02-14,293.0,57.0,,,Tarjeta Débito,Tienda Física
63.0,2023-02-15,153.0,173.0,6.0,382412.0,Webpay,Web
64.0,16/02/2023,193.0,20.0,16.0,312248.0,Transferencia,Tienda Física
65.0,2023-02-16,73.0,17.0,2.0,381389.0,EFECTIVO,App
66.0,2023-02-17,140.0,119.0,8.0,20430.0,  Tarjeta Débito  ,Tienda Física
67.0,18/02/2023,187.0,71.0,17.0,418723.0,  Transferencia  ,Web
68.0,18/02/2023,,4.0,2.0,310144.0,Efectivo,Web
69.0,2023-02-19,61.0,14.0,10.0,282134.0,,Tienda Física
70.0,20/02/2023,198.0,3.0,16.0,312682.0,Efectivo,App
71.0,2023-02-21,,80.0,6.0,432352.0,Transferencia,Tienda Física
72.0,2023-02-21,11.0,186.0,2.0,293881.0,Transferencia,App
73.0,2023-02-22,62.0,55.0,2.0,290894.0,  Tarjeta Crédito  ,Marketplace
74.0,23/02/2023,226.0,132.0,13.0,495349.0,Efectivo,
75.0,2023-02-24,153.0,120.0,15.0,378608.0,  Efectivo  ,Marketplace
76.0,2023-02-24,199.0,24.0,2.0,221705.0,Tarjeta Crédito,Tienda Física
77.0,25/02/2023,52.0,162.0,7.0,353991.0,Efectivo,App
78.0,2023-02-26,260.0,158.0,3.0,195226.0,Tarjeta Crédito,Marketplace
79.0,26/02/2023,59.0,82.0,80.0,115209.0,Tarjeta Débito,Marketplace
80.0,2023-02-27,72.0,,14.0,~298829.0,Transferencia,Marketplace
,28/02/2023,148.0,159.0,7.0,464163.0 aprox,Tarjeta Débito,Web
82.0,01/03/2023,63.0,188.0,7.0,464641.0,,Tienda Física
83.0,01/03/2023,243.0,60.0,1.0,171611.0,Webpay,Marketplace
84.0,02/03/2023,107.0,147.0,17.0,264311.0,Webpay,App
85.0,2023-03-03,226.0,49.0,9.0,106606.0,TARJETA CRÉDITO,Marketplace
86.0,2023-03-04,218.0,63.0,13.0,497820.0,Efectivo,Web
87.0,04/03/2023,241.0,110.0,19.0,$490578.0,TARJETA DÉBITO,Tienda Física
88.0,05/03/2023,259.0,150.0,19.0,325105.0,,Web
89.0,2023-03-06,262.0,152.0,17.0,402403.0,Tarjeta Débito,Web
90.0,2023-03-07,5.0,109.0,10.0,357835.0,,Web
91.0,07/03/2023,261.0,76.0,10.0,296986.0,Webpay,App
92.0,2023-03-08,54.0,30.0,4.0,27621.0,Tarjeta Débito,Tienda Física
93.0,,47.0,58.0,,227927.0,Efectivo,Tienda Física
94.0,,215.0,117.0,18.0,337718.0,Webpay,App
95.0,10/03/2023,177.0,159.0,14.0,339088.0,,Tienda Física
96.0,11/03/2023,9.0,100.0,18.0,187188.0,Tarjeta Crédito,Web
,2023-03-12,99.0,192.0,14.0,470904.0,TRANSFERENCIA,Tienda Física
98.0,2023-03-12,20.0,19.0,15.0,84511.0,TRANSFERENCIA,App
99.0,13/03/2023,241.0,176.0,4.0,250679.0,Transferencia,Web
100.0,14/03/2023,61.0,173.0,13.0,345751.0,Webpay,App
101.0,2023-03-15,178.0,94.0,8.0,348871.0,Tarjeta Débito,Marketplace
,15/03/2023,62.0,183.0,18.0,324671.0,Webpay,Web
103.0,2023-03-16,145.0,113.0,12.0,138369.0,  Efectivo  ,Web
104.0,17/03/2023,216.0,,14.0,78947.0,Tarjeta Crédito,Tienda Física
105.0,17/03/2023,3.0,146.0,2.0,318334.0,Tarjeta Crédito,Web
106.0,18/03/2023,160.0,63.0,18.0,300052.0,Transferencia,App
107.0,2023-03-19,227.0,116.0,2.0,90499.0,Transferencia,Tienda Física
108.0,20/03/2023,269.0,113.0,11.0,352864.0,  Transferencia  ,Marketplace
109.0,2023-03-20,120.0,47.0,9.0,228131.0,  Tarjeta Débito  ,App
110.0,2023-03-21,,57.0,12.0,334213.0,Efectivo,Marketplace
111.0,2023-03-22,68.0,118.0,17.0,418846.0,Efectivo,Marketplace
112.0,2023-03-23,98.0,45.0,15.0,85694.0,Efectivo,Marketplace
113.0,2023-03-23,267.0,161.0,17.0,10553.0,Efectivo,Web
114.0,,105.0,145.0,18.0,389772.0,TRANSFERENCIA,App
115.0,25/03/2023,123.0,198.0,6.0,305239.0,Tarjeta Crédito,App
,26/03/2023,29.0,4.0,17.0,350120.0,,Web
117.0,26/03/2023,137.0,148.0,18.0,~419239.0,Efectivo,Tienda Física
118.0,2023-03-27,195.0,47.0,8.0,401603.0,  Transferencia  ,Marketplace
119.0,28/03/2023,226.0,143.0,9.0,480499.0,Efectivo,App
120.0,2023-03-28,170.0,198.0,6.0,268432.0,Webpay,Web
121.0,2023-03-29,,47.0,5.0,244759.0,Tarjeta Crédito,Marketplace
122.0,30/03/2023,40.0,78.0,12.0,201542.0,Webpay,Tienda Física
123.0,31/03/2023,25.0,124.0,11.0,77692.0,Tarjeta Débito,Tienda Física
124.0,2023-03-31,261.0,75.0,1.0,~286731.0,Transferencia,Marketplace
125.0,2023-04-01,226.0,,11.0,139229.0,Tarjeta Débito,Tienda Física
126.0,2023-04-02,124.0,137.0,19.0,460732.0,Transferencia,App
127.0,03/04/2023,38.0,90.0,9.0,292012.0,Webpay,App
128.0,03/04/2023,251.0,144.0,2.0,296827.0,Efectivo,App
129.0,04/04/2023,176.0,69.0,12.0,178107.0,efectivo,
130.0,2023-04-05,90.0,61.0,4.0,26943.0,Transferencia,App
131.0,05/04/2023,37.0,138.0,4.0,16840.0,Efectivo,Web
132.0,2023-04-06,176.0,50.0,18.0,212244.0,Webpay,App
133.0,2023-04-07,284.0,3.0,15.0,43198.0,Efectivo,App
134.0,08/04/2023,81.0,107.0,19.0,303817.0,Webpay,Tienda Física
135.0,08/04/2023,114.0,113.0,13.0,440606.0,  Tarjeta Débito  ,App
136.0,09/04/2023,40.0,94.0,19.0,441574.0,  Webpay  ,Marketplace
137.0,10/04/2023,224.0,118.0,17.0,329864.0,tarjeta crédito,Web
138.0,2023-04-11,115.0,198.0,6.0,106405.0,tarjeta crédito,
139.0,11/04/2023,186.0,81.0,16.0,431635.0,TARJETA CRÉDITO,Web
140.0,12/04/2023,56.0,109.0,12.0,443161.0,Transferencia,Marketplace
141.0,13/04/2023,,51.0,19.0,99130.0,Transferencia,Tienda Física
142.0,2023-04-14,40.0,147.0,5.0,368976.0,Transferencia,Tienda Física
143.0,2023-04-14,237.0,170.0,17.0,143973.0,Webpay,App
144.0,15/04/2023,289.0,35.0,1.0,401518.0,Transferencia,Web
145.0,2023-04-16,262.0,46.0,10.0,498622.0,Tarjeta Débito,Marketplace
146.0,16/04/2023,216.0,154.0,15.0,15983.0,Tarjeta Crédito,Marketplace
147.0,2023-04-17,147.0,69.0,11.0,448786.0,Webpay,Tienda Física
148.0,18/04/2023,168.0,93.0,13.0,311693.0,Tarjeta Crédito,App
149.0,2023-04-19,92.0,64.0,5.0,486718.0,Transferencia,Tienda Física
150.0,2023-04-19,59.0,165.0,1.0,233040.0,WEBPAY,Tienda Física
151.0,20/04/2023,59.0,49.0,12.0,423847.0,Efectivo,Tienda Física
,2023-04-21,,149.0,11.0,32135.0,Tarjeta Débito,Tienda Física
153.0,22/04/2023,269.0,74.0,850.0,168304.0,Transferencia,Marketplace
154.0,2023-04-22,45.0,192.0,4.0,34441.0,Transferencia,Marketplace
,23/04/2023,181.0,5.0,15.0,487696.0,Tarjeta Débito,Tienda Física
156.0,24/04/2023,170.0,,9.0,408670.0,  Tarjeta Débito  ,Tienda Física
,2023-04-24,191.0,70.0,19.0,426421.0,Efectivo,App
158.0,25/04/2023,155.0,90.0,19.0,469045.0,transferencia,Tienda Física
159.0,2023-04-26,188.0,4.0,12.0,43467.0,Transferencia,Marketplace
160.0,,,126.0,5.0,193413.0,Tarjeta Crédito,Web
161.0,27/04/2023,133.0,39.0,10.0,36446.0,Webpay,Marketplace
162.0,28/04/2023,235.0,163.0,17.0,106186.0,Webpay,App
,2023-04-29,45.0,129.0,5.0,115454.0,Tarjeta Crédito,Marketplace
164.0,30/04/2023,249.0,24.0,16.0,235084.0,Webpay,Web
165.0,30/04/2023,31.0,57.0,7.0,135013.0,Tarjeta Débito,Tienda Física
166.0,2023-05-01,23.0,100.0,9.0,51388.0,Webpay,Web
167.0,2023-05-02,,70.0,3.0,84578.0,Webpay,Tienda Física
168.0,03/05/2023,158.0,41.0,15.0,74491.0,,Tienda Física
169.0,2023-05-03,39.0,182.0,16.0,486565.0,Efectivo,Marketplace
170.0,2023-05-04,82.0,174.0,18.0,379887.0,WEBPAY,Marketplace
171.0,05/05/2023,,60.0,14.0,483913.0,Webpay,Marketplace
172.0,05/05/2023,206.0,108.0,,220431.0,Efectivo,App
173.0,06/05/2023,77.0,188.0,12.0,139906.0,Tarjeta Crédito,Marketplace
174.0,07/05/2023,12.0,57.0,9.0,,Efectivo,App
175.0,2023-05-08,295.0,31.0,7.0,163801.0,Tarjeta Crédito,Marketplace
176.0,08/05/2023,224.0,84.0,9.0,150392.0,Tarjeta Débito,Tienda Física
177.0,09/05/2023,13.0,152.0,13.0,117020.0,TARJETA CRÉDITO,App
178.0,10/05/2023,46.0,36.0,18.0,65710.0,Tarjeta Débito,
179.0,2023-05-11,155.0,158.0,5.0,128975.0,Tarjeta Débito,App
180.0,11/05/2023,113.0,152.0,13.0,178305.0,Tarjeta Crédito,App
181.0,2023-05-12,233.0,108.0,4.0,337323.0,Transferencia,Web
182.0,2023-05-13,17.0,106.0,2.0,32220.0,Tarjeta Crédito,App
,13/05/2023,223.0,158.0,16.0,106043.0,Webpay,Tienda Física
,2023-05-14,188.0,86.0,9.0,404703.0,WEBPAY,Marketplace
185.0,2023-05-15,,135.0,9.0,$74314.0,Transferencia,Web
186.0,16/05/2023,74.0,,6.0,171980.0,tarjeta débito,Marketplace
187.0,2023-05-16,,183.0,11.0,432465.0,Transferencia,Tienda Física
188.0,2023-05-17,224.0,14.0,1.0,78308.0,webpay,Web
189.0,2023-05-18,60.0,120.0,4.0,,,Marketplace
,19/05/2023,222.0,138.0,650.0,242784.0,Tarjeta Crédito,Marketplace
191.0,,37.0,,13.0,151907.0,Transferencia,Tienda Física
192.0,20/05/2023,278.0,144.0,13.0,282141.0,Tarjeta Débito,Marketplace
193.0,2023-05-21,196.0,182.0,2.0,,Tarjeta Crédito,Tienda Física
194.0,2023-05-22,242.0,106.0,9.0,69437.0,,App
195.0,22/05/2023,,,,290769.0,Webpay,
196.0,2023-05-23,192.0,44.0,7.0,253249.0,Webpay,App
197.0,24/05/2023,17.0,73.0,4.0,~72895.0,TRANSFERENCIA,Web
198.0,2023-05-24,12.0,,18.0,312375.0,TARJETA CRÉDITO,Marketplace
199.0,2023-05-25,193.0,184.0,3.0,137547.0,Efectivo,Tienda Física
200.0,26/05/2023,22.0,107.0,6.0,~244429.0,Tarjeta Crédito,Tienda Física
201.0,27/05/2023,120.0,84.0,12.0,42054.0,  Webpay  ,Marketplace
202.0,2023-05-27,210.0,82.0,12.0,230332.0,Tarjeta Crédito,Marketplace
203.0,2023-05-28,270.0,107.0,8.0,153925.0,Efectivo,Web
204.0,2023-05-29,192.0,185.0,1.0,,TRANSFERENCIA,
205.0,30/05/2023,175.0,21.0,4.0,,Tarjeta Débito,Tienda Física
206.0,30/05/2023,285.0,196.0,,209885.0,tarjeta crédito,Web
207.0,,204.0,178.0,3.0,229757.0,Tarjeta Débito,App
208.0,01/06/2023,164.0,161.0,13.0,362778.0,  Webpay  ,Web
209.0,01/06/2023,251.0,7.0,,287569.0,Transferencia,Web
210.0,02/06/2023,227.0,70.0,10.0,333939.0,  Transferencia  ,Tienda Física
211.0,03/06/2023,7.0,127.0,12.0,388748.0,Tarjeta Crédito,App
212.0,04/06/2023,,143.0,15.0,431239.0 aprox,Transferencia,Web
213.0,2023-06-04,33.0,160.0,10.0,157624.0,Tarjeta Crédito,App
214.0,2023-06-05,134.0,148.0,14.0,269473.0,Tarjeta Crédito,App
215.0,2023-06-06,79.0,143.0,13.0,420214.0,Tarjeta Débito,App
216.0,07/06/2023,58.0,176.0,5.0,494736.0,Transferencia,Marketplace
217.0,2023-06-07,26.0,199.0,6.0,444870.0,  Tarjeta Crédito  ,Marketplace
218.0,08/06/2023,226.0,149.0,2.0,186362.0,Tarjeta Débito,Marketplace
219.0,2023-06-09,285.0,170.0,17.0,98388.0,Efectivo,Marketplace
220.0,10/06/2023,4.0,154.0,4.0,245207.0,Tarjeta Débito,Tienda Física
221.0,10/06/2023,99.0,120.0,14.0,371079.0,tarjeta débito,Web
222.0,11/06/2023,39.0,128.0,10.0,246792.0,Tarjeta Crédito,Marketplace
223.0,2023-06-12,271.0,142.0,3.0,242107.0,Webpay,Tienda Física
224.0,2023-06-12,285.0,57.0,3.0,419277.0,WEBPAY,Web
225.0,13/06/2023,157.0,165.0,15.0,181340.0,Webpay,Marketplace
226.0,14/06/2023,75.0,58.0,,430038.0,  Tarjeta Débito  ,Web
227.0,,288.0,21.0,17.0,203996.0,tarjeta crédito,Marketplace
228.0,15/06/2023,130.0,,12.0,164788.0,,Tienda Física
229.0,16/06/2023,175.0,69.0,11.0,227541.0,TARJETA DÉBITO,App
230.0,2023-06-17,84.0,131.0,4.0,381461.0,Tarjeta Débito,App
231.0,18/06/2023,,87.0,6.0,63875.0,Tarjeta Crédito,Web
232.0,18/06/2023,27.0,165.0,1.0,99013.0,Efectivo,Tienda Física
233.0,2023-06-19,195.0,49.0,16.0,475771.0,Tarjeta Débito,App
234.0,20/06/2023,236.0,147.0,15.0,88570.0,  Efectivo  ,Marketplace
235.0,2023-06-20,92.0,115.0,17.0,284296.0,EFECTIVO,App
236.0,21/06/2023,21.0,89.0,8.0,290078.0,Webpay,Web
,22/06/2023,84.0,85.0,12.0,245323.0,,Web
238.0,23/06/2023,262.0,128.0,10.0,322728.0,  Efectivo  ,Tienda Física
239.0,,147.0,140.0,,,Tarjeta Crédito,Web
240.0,24/06/2023,257.0,189.0,9.0,276778.0,Webpay,App
241.0,2023-06-25,58.0,169.0,2.0,186714.0,  Tarjeta Crédito  ,App
242.0,26/06/2023,15.0,161.0,,~331172.0,,App
243.0,2023-06-26,162.0,178.0,6.0,71471.0,Efectivo,App
244.0,2023-06-27,163.0,,70.0,285868.0,  Tarjeta Crédito  ,Tienda Física
245.0,2023-06-28,281.0,196.0,1.0,93450.0,Transferencia,Marketplace
246.0,2023-06-29,280.0,127.0,7.0,140043.0,  Tarjeta Crédito  ,Marketplace
247.0,2023-06-29,12.0,71.0,12.0,110136.0,Efectivo,Tienda Física
248.0,30/06/2023,274.0,86.0,16.0,~92236.0,WEBPAY,Web
249.0,,,33.0,16.0,413030.0,Webpay,Marketplace
250.0,01/07/2023,208.0,81.0,11.0,143568.0,Efectivo,Web
251.0,02/07/2023,27.0,152.0,,463635.0,Tarjeta Débito,Marketplace
252.0,03/07/2023,72.0,61.0,13.0,484993.0,Tarjeta Débito,Web
253.0,2023-07-04,60.0,61.0,7.0,286059.0,  Webpay  ,Tienda Física
,04/07/2023,145.0,98.0,4.0,72358.0,Webpay,App
255.0,05/07/2023,,28.0,15.0,187900.0,Efectivo,Web
256.0,2023-07-06,8.0,186.0,19.0,$399068.0,Tarjeta Débito,App
,2023-07-07,79.0,43.0,9.0,184328.0,WEBPAY,Web
258.0,07/07/2023,27.0,169.0,11.0,44422.0,  Tarjeta Débito  ,Web
259.0,08/07/2023,174.0,167.0,8.0,$278836.0,Webpay,Web
260.0,2023-07-09,50.0,86.0,1.0,422715.0,Tarjeta Crédito,
261.0,09/07/2023,199.0,177.0,8.0,398167.0,Transferencia,Web
262.0,2023-07-10,,17.0,13.0,88386.0,Tarjeta Crédito,App
263.0,11/07/2023,24.0,98.0,4.0,336710.0,Webpay,Web
264.0,12/07/2023,46.0,198.0,8.0,111032.0,  Transferencia  ,App
265.0,12/07/2023,15.0,198.0,3.0,109886.0,Transferencia,Tienda Física
266.0,13/07/2023,153.0,98.0,9.0,437162.0,WEBPAY,Marketplace
267.0,14/07/2023,222.0,65.0,2.0,125585.0,Webpay,Web
268.0,15/07/2023,206.0,74.0,2.0,132360.0,Tarjeta Débito,Marketplace
269.0,,273.0,85.0,13.0,1326.0,Webpay,App
270.0,2023-07-16,236.0,5.0,15.0,435464.0,Efectivo,Tienda Física
271.0,17/07/2023,228.0,2.0,12.0,396505.0,Webpay,Tienda Física
272.0,18/07/2023,9.0,22.0,4.0,,Efectivo,Tienda Física
273.0,18/07/2023,166.0,112.0,8.0,375383.0,,Marketplace
274.0,19/07/2023,214.0,57.0,9.0,76872.0,Tarjeta Débito,App
275.0,2023-07-20,117.0,66.0,5.0,229703.0,Efectivo,Web
276.0,20/07/2023,72.0,74.0,900.0,176258.0,Tarjeta Crédito,Web
277.0,2023-07-21,64.0,98.0,11.0,47794.0,Efectivo,App
278.0,22/07/2023,205.0,144.0,15.0,243579.0,Tarjeta Débito,Marketplace
279.0,2023-07-23,209.0,112.0,9.0,460449.0,EFECTIVO,
280.0,23/07/2023,72.0,179.0,17.0,20990.0,Webpay,App
281.0,2023-07-24,277.0,125.0,12.0,146439.0,Webpay,Web
282.0,25/07/2023,,167.0,7.0,104563.0,Tarjeta Débito,Tienda Física
283.0,26/07/2023,95.0,86.0,10.0,119835.0,  Transferencia  ,Web
284.0,2023-07-26,166.0,76.0,10.0,~454309.0,Webpay,Marketplace
285.0,2023-07-27,32.0,88.0,13.0,234566.0,Tarjeta Crédito,App
286.0,2023-07-28,11.0,168.0,19.0,233683.0,Tarjeta Débito,Marketplace
287.0,2023-07-28,217.0,38.0,11.0,380527.0,Efectivo,App
288.0,2023-07-29,289.0,188.0,13.0,78092.0,Efectivo,Tienda Física
289.0,2023-07-30,102.0,59.0,,244145.0,Tarjeta Crédito,App
290.0,31/07/2023,267.0,138.0,8.0,215563.0,  Webpay  ,Web
291.0,2023-07-31,214.0,99.0,4.0,298858.0,Tarjeta Débito,Web
,01/08/2023,179.0,192.0,,499779.0,Tarjeta Crédito,Tienda Física
293.0,02/08/2023,88.0,63.0,11.0,384955.0,Webpay,App
294.0,03/08/2023,41.0,49.0,11.0,199535.0,Tarjeta Débito,Tienda Física
295.0,03/08/2023,76.0,192.0,1.0,413949.0,Efectivo,Web
296.0,2023-08-04,,32.0,17.0,86183.0,Tarjeta Débito,Marketplace
297.0,,160.0,135.0,15.0,16201.0,,Tienda Física
298.0,06/08/2023,80.0,21.0,6.0,103020.0,TARJETA DÉBITO,Marketplace
299.0,2023-08-06,86.0,20.0,15.0,170865.0,TRANSFERENCIA,Marketplace
300.0,2023-08-07,92.0,154.0,9.0,255780.0,Tarjeta Débito,App
301.0,2023-08-08,148.0,127.0,14.0,307949.0,TRANSFERENCIA,Tienda Física
302.0,2023-08-08,161.0,68.0,18.0,455392.0,EFECTIVO,Marketplace
303.0,2023-08-09,202.0,110.0,17.0,255417.0,Webpay,Marketplace
304.0,2023-08-10,242.0,116.0,18.0,251137.0,Transferencia,App
305.0,2023-08-11,2.0,143.0,5.0,26071.0,Transferencia,App
306.0,11/08/2023,225.0,120.0,9.0,18421.0,Efectivo,Web
,2023-08-12,289.0,79.0,11.0,276029.0,Transferencia,Marketplace
308.0,13/08/2023,233.0,116.0,1.0,219651.0,Tarjeta Crédito,Web
309.0,2023-08-14,77.0,92.0,18.0,~419751.0,EFECTIVO,Marketplace
310.0,2023-08-14,116.0,14.0,6.0,81179.0,Tarjeta Crédito,Web
311.0,15/08/2023,154.0,155.0,2.0,13461.0,Efectivo,
312.0,2023-08-16,103.0,125.0,15.0,225070.0,Transferencia,Tienda Física
313.0,16/08/2023,194.0,168.0,14.0,119502.0,Tarjeta Crédito,
314.0,2023-08-17,166.0,58.0,5.0,25758.0,Transferencia,Web
315.0,18/08/2023,90.0,28.0,6.0,362575.0,efectivo,Web
316.0,2023-08-19,174.0,26.0,6.0,56685.0,Transferencia,Tienda Física
317.0,2023-08-19,,113.0,18.0,304551.0,Tarjeta Crédito,
318.0,2023-08-20,143.0,191.0,14.0,141244.0,Tarjeta Crédito,Web
319.0,21/08/2023,106.0,66.0,10.0,87575.0,Transferencia,Web
320.0,22/08/2023,123.0,153.0,14.0,190496.0,Tarjeta Débito,
321.0,22/08/2023,9.0,131.0,13.0,400921.0,Efectivo,Tienda Física
322.0,2023-08-23,262.0,200.0,3.0,196655.0,EFECTIVO,App
323.0,2023-08-24,73.0,44.0,6.0,375634.0,Transferencia,Web
324.0,2023-08-25,223.0,97.0,8.0,63618.0,Tarjeta Débito,Tienda Física
325.0,2023-08-25,41.0,42.0,12.0,386613.0,Tarjeta Crédito,Web
326.0,,204.0,6.0,13.0,119230.0,WEBPAY,Marketplace
327.0,27/08/2023,,167.0,11.0,~339019.0,WEBPAY,Tienda Física
328.0,2023-08-27,178.0,180.0,12.0,283325.0,Transferencia,Web
329.0,,84.0,23.0,-5.0,,Tarjeta Débito,Tienda Física
330.0,29/08/2023,111.0,89.0,17.0,194274.0,Tarjeta Débito,Web
331.0,2023-08-30,251.0,123.0,16.0,34016.0,,App
332.0,,,178.0,11.0,10559.0,Tarjeta Crédito,
,31/08/2023,84.0,171.0,13.0,413602.0,Tarjeta Débito,Tienda Física
334.0,01/09/2023,208.0,147.0,18.0,262843.0,  Webpay  ,Marketplace
335.0,2023-09-02,22.0,,11.0,387847.0,Tarjeta Crédito,Marketplace
336.0,2023-09-02,3.0,51.0,12.0,117978.0,Tarjeta Crédito,Marketplace
337.0,03/09/2023,127.0,11.0,6.0,173197.0,  Transferencia  ,Web
338.0,2023-09-04,297.0,12.0,9.0,16022.0,Tarjeta Débito,App
339.0,,188.0,74.0,16.0,480785.0,Transferencia,Web
340.0,,14.0,,4.0,334266.0,Tarjeta Débito,Marketplace
341.0,06/09/2023,12.0,152.0,3.0,466669.0,Efectivo,Tienda Física
342.0,07/09/2023,87.0,41.0,16.0,133483.0,  Transferencia  ,
343.0,2023-09-07,12.0,164.0,12.0,306120.0,  Transferencia  ,Tienda Física
344.0,08/09/2023,25.0,85.0,11.0,339571.0,Webpay,App
345.0,,243.0,72.0,5.0,159457.0,Transferencia,Tienda Física
346.0,2023-09-10,122.0,55.0,18.0,424207.0,Tarjeta Débito,Web
347.0,10/09/2023,147.0,137.0,19.0,473634.0,Webpay,Web
348.0,2023-09-11,55.0,47.0,6.0,442543.0,TRANSFERENCIA,Web
349.0,12/09/2023,238.0,143.0,18.0,369794.0,Transferencia,Tienda Física
350.0,2023-09-13,173.0,176.0,6.0,139455.0,,Web
351.0,13/09/2023,221.0,104.0,4.0,141526.0,,Web
352.0,14/09/2023,119.0,42.0,12.0,481717.0,Tarjeta Crédito,Web
353.0,2023-09-15,183.0,60.0,19.0,6132.0,Webpay,App
354.0,15/09/2023,288.0,198.0,2.0,358309.0,TARJETA CRÉDITO,Tienda Física
355.0,16/09/2023,300.0,12.0,17.0,353417.0,Webpay,Tienda Física
356.0,2023-09-17,82.0,130.0,11.0,311722.0,Efectivo,Marketplace
357.0,2023-09-18,211.0,,11.0,495064.0,,Tienda Física
358.0,2023-09-18,150.0,80.0,16.0,156628.0,Transferencia,App
359.0,2023-09-19,37.0,131.0,2.0,170646.0,Transferencia,Tienda Física
360.0,2023-09-20,59.0,109.0,2.0,40391.0,Webpay,App
361.0,21/09/2023,131.0,3.0,8.0,221956.0,  Transferencia  ,App
362.0,21/09/2023,202.0,27.0,13.0,131263.0 aprox,Tarjeta Crédito,Tienda Física
363.0,2023-09-22,243.0,114.0,10.0,172350.0,Transferencia,Marketplace
364.0,23/09/2023,35.0,107.0,,417451.0,efectivo,Web
365.0,2023-09-23,93.0,40.0,4.0,$467807.0,Tarjeta Crédito,Web
366.0,24/09/2023,207.0,161.0,15.0,93681.0,TRANSFERENCIA,Tienda Física
367.0,25/09/2023,,129.0,1.0,186882.0,Transferencia,Tienda Física
368.0,,159.0,8.0,11.0,464387.0,tarjeta débito,App
369.0,2023-09-26,24.0,101.0,7.0,31842.0,Webpay,
370.0,27/09/2023,293.0,160.0,17.0,47088.0,,App
371.0,28/09/2023,4.0,124.0,18.0,82233.0,  Tarjeta Débito  ,Marketplace
372.0,29/09/2023,220.0,176.0,600.0,298011.0,Efectivo,Tienda Física
373.0,2023-09-29,20.0,107.0,9.0,76086.0,Webpay,Web
374.0,30/09/2023,152.0,101.0,5.0,484070.0,Tarjeta Crédito,Web
375.0,2023-10-01,50.0,4.0,10.0,223911.0,Transferencia,Tienda Física
376.0,02/10/2023,177.0,198.0,4.0,251257.0,Tarjeta Crédito,App
377.0,02/10/2023,96.0,110.0,5.0,124083.0,Transferencia,Web
378.0,03/10/2023,105.0,19.0,10.0,236009.0,Webpay,App
379.0,04/10/2023,250.0,32.0,11.0,331295.0,Transferencia,Tienda Física
380.0,04/10/2023,117.0,137.0,10.0,375837.0,Efectivo,Tienda Física
381.0,,228.0,12.0,8.0,377180.0,Transferencia,
382.0,2023-10-06,66.0,139.0,2.0,289368.0,EFECTIVO,Tienda Física
383.0,2023-10-07,262.0,46.0,8.0,452276.0,Webpay,Marketplace
384.0,07/10/2023,295.0,119.0,16.0,408887.0,Webpay,Marketplace
385.0,08/10/2023,243.0,16.0,,378767.0,Tarjeta Crédito,Web
,09/10/2023,186.0,129.0,3.0,28747.0,  Efectivo  ,Marketplace
387.0,10/10/2023,246.0,63.0,12.0,4432.0,Efectivo,App
388.0,10/10/2023,125.0,109.0,13.0,107011.0,,Web
389.0,11/10/2023,268.0,119.0,13.0,332098.0,Tarjeta Débito,Web
390.0,2023-10-12,131.0,21.0,10.0,206188.0,TARJETA DÉBITO,App
391.0,12/10/2023,237.0,158.0,4.0,201801.0,Transferencia,Marketplace
392.0,13/10/2023,18.0,13.0,9.0,442409.0,Tarjeta Débito,Marketplace
393.0,14/10/2023,40.0,162.0,2.0,447886.0,Efectivo,Marketplace
394.0,2023-10-15,21.0,4.0,19.0,454678.0,Transferencia,Web
395.0,15/10/2023,225.0,156.0,1.0,157625.0,Webpay,
396.0,2023-10-16,282.0,102.0,7.0,345837.0,TARJETA CRÉDITO,Marketplace
397.0,17/10/2023,8.0,59.0,17.0,136545.0 aprox,tarjeta débito,Tienda Física
398.0,2023-10-18,100.0,128.0,3.0,96114.0,Webpay,Marketplace
399.0,2023-10-18,240.0,27.0,3.0,93132.0,Efectivo,App
400.0,2023-10-19,87.0,69.0,3.0,171712.0,Tarjeta Crédito,Web
401.0,2023-10-20,298.0,25.0,-85.0,215549.0,Webpay,App
402.0,21/10/2023,14.0,131.0,7.0,415644.0,Tarjeta Crédito,App
403.0,2023-10-21,,97.0,14.0,60826.0,,Web
,22/10/2023,293.0,196.0,17.0,367728.0,Efectivo,Tienda Física
405.0,23/10/2023,41.0,,18.0,266196.0 aprox,  Tarjeta Crédito  ,Marketplace
406.0,23/10/2023,111.0,,13.0,144685.0 aprox,Webpay,App
407.0,24/10/2023,14.0,162.0,18.0,246917.0,Tarjeta Débito,Web
408.0,2023-10-25,231.0,154.0,4.0,150671.0,tarjeta débito,App
409.0,2023-10-26,84.0,126.0,1.0,298445.0,,Marketplace
410.0,2023-10-26,130.0,133.0,18.0,217488.0,Webpay,Tienda Física
411.0,2023-10-27,231.0,189.0,1.0,83038.0,tarjeta crédito,Tienda Física
412.0,28/10/2023,145.0,9.0,13.0,59175.0,Transferencia,Tienda Física
413.0,29/10/2023,28.0,116.0,10.0,273801.0,Tarjeta Débito,Web
414.0,2023-10-29,66.0,178.0,11.0,451304.0,Tarjeta Crédito,Web
415.0,2023-10-30,163.0,134.0,9.0,172635.0,Webpay,Tienda Física
416.0,31/10/2023,229.0,60.0,9.0,366767.0,TARJETA CRÉDITO,Marketplace
417.0,2023-10-31,261.0,172.0,5.0,329672.0,Webpay,Marketplace
418.0,2023-11-01,164.0,121.0,1.0,465846.0,Efectivo,Web
419.0,02/11/2023,287.0,139.0,17.0,410670.0,Webpay,Tienda Física
420.0,03/11/2023,10.0,194.0,2.0,283736.0,  Webpay  ,Marketplace
421.0,03/11/2023,195.0,175.0,13.0,328858.0,Webpay,Marketplace
422.0,04/11/2023,118.0,108.0,9.0,449295.0,transferencia,Marketplace
423.0,05/11/2023,270.0,,4.0,200360.0 aprox,,Web
424.0,2023-11-06,80.0,131.0,5.0,164071.0,TARJETA DÉBITO,Tienda Física
425.0,2023-11-06,93.0,76.0,11.0,6395.0,Tarjeta Débito,App
426.0,07/11/2023,266.0,30.0,19.0,413449.0,Tarjeta Crédito,Tienda Física
427.0,,257.0,21.0,3.0,400689.0,TRANSFERENCIA,Tienda Física
428.0,09/11/2023,133.0,,12.0,53123.0,Tarjeta Crédito,Web
429.0,2023-11-09,276.0,190.0,19.0,288852.0 aprox,Tarjeta Débito,Marketplace
430.0,2023-11-10,264.0,161.0,,232527.0,Tarjeta Débito,Marketplace
431.0,2023-11-11,171.0,163.0,13.0,60236.0,Efectivo,Web
432.0,11/11/2023,1.0,180.0,7.0,490304.0,Webpay,Web
433.0,2023-11-12,64.0,34.0,,108133.0,Tarjeta Débito,Web
434.0,2023-11-13,284.0,41.0,7.0,,TARJETA CRÉDITO,Web
435.0,14/11/2023,121.0,51.0,8.0,~297829.0,TARJETA CRÉDITO,Web
436.0,14/11/2023,107.0,175.0,5.0,369694.0,  Webpay  ,App
437.0,2023-11-15,175.0,82.0,,17189.0,Webpay,Tienda Física
438.0,2023-11-16,204.0,58.0,4.0,329700.0,,Tienda Física
439.0,17/11/2023,165.0,75.0,10.0,266614.0,Transferencia,Tienda Física
440.0,2023-11-17,120.0,185.0,15.0,52529.0,Tarjeta Crédito,Marketplace
441.0,18/11/2023,,23.0,18.0,87089.0,Webpay,App
442.0,19/11/2023,156.0,176.0,13.0,284419.0,tarjeta crédito,Tienda Física
443.0,19/11/2023,207.0,128.0,8.0,148882.0,Webpay,Marketplace
444.0,20/11/2023,108.0,150.0,9.0,469220.0,Tarjeta Débito,App
445.0,2023-11-21,251.0,17.0,16.0,409551.0,Tarjeta Crédito,App
446.0,2023-11-22,130.0,69.0,19.0,491800.0,Tarjeta Débito,Marketplace
447.0,22/11/2023,293.0,108.0,16.0,130576.0,Tarjeta Crédito,App
448.0,2023-11-23,20.0,139.0,7.0,484892.0,Transferencia,Marketplace
449.0,2023-11-24,282.0,94.0,14.0,216186.0,Efectivo,Tienda Física
450.0,2023-11-25,285.0,15.0,14.0,174412.0,TARJETA DÉBITO,Marketplace
451.0,2023-11-25,1.0,91.0,4.0,26124.0,,App
,2023-11-26,119.0,163.0,15.0,27330.0,Transferencia,Tienda Física
453.0,,35.0,33.0,3.0,346314.0,Tarjeta Crédito,Tienda Física
454.0,28/11/2023,198.0,125.0,5.0,229507.0,  Tarjeta Débito  ,Web
455.0,28/11/2023,245.0,16.0,1.0,114034.0,  Tarjeta Crédito  ,Web
456.0,2023-11-29,59.0,162.0,3.0,307371.0,Tarjeta Crédito,App
457.0,30/11/2023,161.0,66.0,15.0,127176.0,Tarjeta Crédito,Marketplace
458.0,30/11/2023,179.0,168.0,8.0,289238.0,Efectivo,Marketplace
459.0,2023-12-01,206.0,156.0,4.0,180245.0,,App
460.0,02/12/2023,,47.0,2.0,411953.0,webpay,Tienda Física
461.0,03/12/2023,276.0,167.0,,410527.0,Tarjeta Débito,App
462.0,03/12/2023,181.0,198.0,4.0,239198.0,Transferencia,App
463.0,2023-12-04,242.0,148.0,3.0,176059.0,  Transferencia  ,
464.0,2023-12-05,216.0,124.0,2.0,181917.0,  Transferencia  ,Marketplace
,06/12/2023,251.0,,17.0,403052.0,,App
466.0,2023-12-06,299.0,200.0,13.0,164762.0,Efectivo,Marketplace
467.0,07/12/2023,126.0,87.0,5.0,105321.0,Tarjeta Débito,App
468.0,2023-12-08,217.0,128.0,9.0,43259.0,TARJETA CRÉDITO,Tienda Física
469.0,08/12/2023,285.0,191.0,6.0,233880.0,Efectivo,Tienda Física
470.0,09/12/2023,185.0,67.0,5.0,241584.0,Efectivo,Web
471.0,2023-12-10,39.0,4.0,10.0,420613.0,TARJETA DÉBITO,Tienda Física
472.0,11/12/2023,223.0,186.0,8.0,,tarjeta débito,Web
473.0,11/12/2023,,153.0,7.0,191115.0,Tarjeta Débito,App
474.0,2023-12-12,178.0,47.0,7.0,404394.0,Tarjeta Crédito,Marketplace
475.0,2023-12-13,294.0,38.0,6.0,411988.0,Webpay,
476.0,14/12/2023,151.0,143.0,3.0,192921.0,Tarjeta Débito,Tienda Física
477.0,2023-12-14,126.0,191.0,19.0,230103.0,Webpay,Tienda Física
478.0,15/12/2023,234.0,21.0,150.0,152340.0,TARJETA CRÉDITO,App
479.0,16/12/2023,8.0,57.0,4.0,466345.0,Webpay,Web
,2023-12-17,129.0,117.0,12.0,60203.0,Transferencia,App
481.0,17/12/2023,264.0,181.0,6.0,466941.0,Webpay,Marketplace
482.0,18/12/2023,157.0,46.0,19.0,342249.0,tarjeta débito,App
,19/12/2023,5.0,142.0,4.0,266255.0,Tarjeta Crédito,Marketplace
484.0,19/12/2023,86.0,145.0,15.0,17297.0,Tarjeta Débito,Tienda Física
485.0,20/12/2023,175.0,39.0,9.0,238322.0,,Marketplace
486.0,2023-12-21,290.0,137.0,5.0,204466.0,TARJETA DÉBITO,Marketplace
487.0,22/12/2023,193.0,99.0,13.0,81448.0,Tarjeta Débito,Web
,2023-12-22,119.0,77.0,18.0,328548.0,Tarjeta Débito,Marketplace
489.0,23/12/2023,218.0,115.0,5.0,485604.0,  Efectivo  ,Marketplace
490.0,24/12/2023,114.0,134.0,16.0,281532.0,Transferencia,App
491.0,2023-12-25,145.0,151.0,19.0,357662.0,Tarjeta Débito,Tienda Física
492.0,2023-12-25,26.0,187.0,14.0,35157.0,Tarjeta Débito,App
493.0,26/12/2023,136.0,,16.0,209416.0,Tarjeta Débito,App
494.0,27/12/2023,232.0,98.0,15.0,59063.0,Tarjeta Crédito,Tienda Física
495.0,27/12/2023,76.0,120.0,4.0,306785.0,Efectivo,Tienda Física
496.0,28/12/2023,289.0,46.0,7.0,469303.0,Tarjeta Crédito,Marketplace
497.0,,1.0,38.0,16.0,331227.0,EFECTIVO,
498.0,30/12/2023,147.0,,8.0,39325.0,TARJETA DÉBITO,Web
499.0,2023-12-30,287.0,100.0,17.0,177978.0,Transferencia,App
500.0,31/12/2023,142.0,72.0,16.0,275781.0,,Tienda Física
501.0,2024-01-01,53.0,190.0,10.0,202201.0,  Webpay  ,Marketplace
502.0,02/01/2024,69.0,35.0,10.0,416988.0,Tarjeta Débito,Tienda Física
503.0,02/01/2024,90.0,147.0,2.0,407521.0,Tarjeta Crédito,Marketplace
504.0,2024-01-03,220.0,30.0,9.0,306304.0,Transferencia,
505.0,04/01/2024,192.0,78.0,17.0,187356.0,EFECTIVO,Web
506.0,05/01/2024,63.0,,11.0,128413.0,Tarjeta Débito,Tienda Física
507.0,2024-01-05,73.0,113.0,10.0,53831.0,  Transferencia  ,Web
508.0,2024-01-06,161.0,25.0,17.0,178094.0,Transferencia,Tienda Física
509.0,2024-01-07,169.0,168.0,4.0,207173.0,Efectivo,Marketplace
510.0,2024-01-07,89.0,88.0,16.0,338236.0,Transferencia,
511.0,2024-01-08,176.0,14.0,15.0,329422.0,TARJETA CRÉDITO,Web
512.0,,269.0,154.0,5.0,35984.0,Tarjeta Crédito,Marketplace
513.0,2024-01-10,73.0,102.0,6.0,198234.0,  Tarjeta Crédito  ,
514.0,10/01/2024,245.0,150.0,850.0,91708.0,transferencia,App
515.0,11/01/2024,77.0,176.0,1.0,79250.0,  Tarjeta Crédito  ,App
516.0,12/01/2024,159.0,83.0,19.0,413824.0,Efectivo,Marketplace
517.0,13/01/2024,98.0,110.0,4.0,,Transferencia,Marketplace
518.0,2024-01-13,102.0,179.0,17.0,210172.0,WEBPAY,Tienda Física
519.0,14/01/2024,132.0,131.0,9.0,84934.0,Transferencia,App
520.0,15/01/2024,102.0,170.0,2.0,439786.0,efectivo,App
521.0,,19.0,19.0,8.0,278963.0,Webpay,App
522.0,16/01/2024,82.0,28.0,15.0,116459.0,Transferencia,Tienda Física
523.0,2024-01-17,279.0,173.0,7.0,251711.0,Tarjeta Crédito,App
524.0,18/01/2024,129.0,71.0,6.0,366012.0,TARJETA DÉBITO,Marketplace
525.0,2024-01-18,89.0,63.0,1.0,479101.0,Tarjeta Débito,App
526.0,2024-01-19,213.0,73.0,15.0,111003.0,  Tarjeta Crédito  ,Web
527.0,2024-01-20,143.0,124.0,7.0,443205.0,  Tarjeta Débito  ,Marketplace
528.0,2024-01-21,65.0,119.0,17.0,467218.0,Tarjeta Débito,Tienda Física
,2024-01-21,76.0,121.0,2.0,458294.0,Tarjeta Crédito,App
530.0,2024-01-22,199.0,19.0,,318072.0,Tarjeta Crédito,Web
531.0,23/01/2024,,175.0,9.0,315281.0,Transferencia,Tienda Física
532.0,24/01/2024,93.0,142.0,13.0,202202.0,,Tienda Física
533.0,2024-01-24,224.0,120.0,6.0,376447.0,Tarjeta Crédito,Marketplace
534.0,,291.0,,6.0,266116.0,Efectivo,Tienda Física
535.0,2024-01-26,102.0,181.0,3.0,339042.0,Tarjeta Débito,Tienda Física
536.0,,267.0,61.0,17.0,214800.0,Transferencia,Tienda Física
,27/01/2024,110.0,164.0,17.0,366017.0,Tarjeta Débito,Tienda Física
538.0,2024-01-28,265.0,168.0,12.0,412411.0,Webpay,App
539.0,2024-01-29,3.0,,,74072.0 aprox,Tarjeta Crédito,App
540.0,2024-01-29,85.0,9.0,15.0,416632.0,Efectivo,App
541.0,2024-01-30,282.0,64.0,13.0,270608.0,  Webpay  ,App
,31/01/2024,117.0,161.0,1.0,422488.0,Webpay,Web
543.0,01/02/2024,221.0,120.0,17.0,216220.0,webpay,App
544.0,01/02/2024,154.0,52.0,3.0,190141.0,Tarjeta Crédito,Tienda Física
545.0,2024-02-02,153.0,89.0,15.0,457615.0,,App
546.0,2024-02-03,12.0,142.0,4.0,126333.0,TARJETA CRÉDITO,App
547.0,03/02/2024,133.0,53.0,4.0,422262.0,Transferencia,
548.0,2024-02-04,293.0,187.0,18.0,242526.0,Webpay,Tienda Física
549.0,05/02/2024,300.0,78.0,17.0,257534.0,Webpay,App
550.0,2024-02-06,228.0,41.0,19.0,154926.0,Efectivo,App
551.0,2024-02-06,271.0,196.0,11.0,286948.0,Transferencia,App
552.0,2024-02-07,43.0,68.0,3.0,163280.0,  Webpay  ,Web
553.0,08/02/2024,21.0,8.0,8.0,20595.0,Tarjeta Débito,App
554.0,09/02/2024,107.0,2.0,14.0,136727.0,Efectivo,Marketplace
555.0,2024-02-09,117.0,105.0,1.0,,Tarjeta Crédito,Tienda Física
556.0,10/02/2024,124.0,125.0,14.0,489199.0,Efectivo,
,2024-02-11,281.0,110.0,2.0,,TARJETA DÉBITO,App
558.0,12/02/2024,292.0,86.0,4.0,198182.0,Transferencia,App
559.0,12/02/2024,203.0,169.0,19.0,364457.0,tarjeta crédito,App
560.0,2024-02-13,51.0,120.0,6.0,173557.0,Tarjeta Crédito,Tienda Física
561.0,2024-02-14,271.0,127.0,1.0,335875.0,Transferencia,Tienda Física
562.0,14/02/2024,277.0,183.0,17.0,,,
563.0,15/02/2024,141.0,16.0,8.0,473431.0,Webpay,Marketplace
564.0,2024-02-16,275.0,62.0,19.0,,,Web
565.0,2024-02-17,290.0,113.0,1.0,391866.0,  Tarjeta Débito  ,Marketplace
566.0,17/02/2024,52.0,176.0,5.0,133698.0,Webpay,Web
567.0,2024-02-18,27.0,158.0,16.0,$495176.0,Efectivo,Tienda Física
568.0,19/02/2024,157.0,12.0,6.0,13859.0,Transferencia,Web
569.0,2024-02-20,239.0,35.0,8.0,302161.0,Tarjeta Débito,Marketplace
570.0,20/02/2024,156.0,11.0,13.0,330093.0,TARJETA DÉBITO,App
571.0,,291.0,64.0,16.0,344335.0,Tarjeta Débito,Marketplace
572.0,22/02/2024,136.0,50.0,3.0,,,App
573.0,2024-02-22,144.0,149.0,,469326.0,Tarjeta Crédito,Tienda Física
574.0,2024-02-23,106.0,69.0,12.0,91410.0,Webpay,Marketplace
,24/02/2024,158.0,,16.0,311754.0,  Efectivo  ,Web
576.0,2024-02-25,146.0,20.0,11.0,112115.0,Tarjeta Crédito,Marketplace
577.0,2024-02-25,2.0,,10.0,154301.0,Efectivo,App
578.0,26/02/2024,77.0,195.0,4.0,273683.0,Tarjeta Crédito,Tienda Física
579.0,2024-02-27,132.0,172.0,12.0,209180.0,Webpay,Web
580.0,28/02/2024,,161.0,2.0,~80953.0,Tarjeta Débito,Marketplace
581.0,28/02/2024,263.0,189.0,19.0,86297.0,TRANSFERENCIA,App
582.0,2024-02-29,108.0,137.0,5.0,209654.0,tarjeta débito,Web
583.0,01/03/2024,74.0,,8.0,378884.0,webpay,Tienda Física
584.0,2024-03-02,,35.0,7.0,449084.0,Tarjeta Crédito,Web
585.0,2024-03-02,159.0,65.0,14.0,42980.0,,Tienda Física
586.0,2024-03-03,71.0,8.0,3.0,197159.0,Webpay,Web
587.0,04/03/2024,,45.0,18.0,51023.0,efectivo,Marketplace
588.0,04/03/2024,298.0,87.0,16.0,9280.0,  Transferencia  ,App
589.0,2024-03-05,36.0,175.0,19.0,331198.0,Tarjeta Débito,Marketplace
590.0,06/03/2024,84.0,168.0,19.0,301622.0,Tarjeta Crédito,Marketplace
591.0,07/03/2024,263.0,76.0,18.0,$82347.0,Efectivo,Tienda Física
592.0,07/03/2024,172.0,182.0,16.0,117673.0,Webpay,Tienda Física
593.0,2024-03-08,173.0,76.0,8.0,12830.0,TRANSFERENCIA,Tienda Física
594.0,2024-03-09,47.0,174.0,1.0,417639.0,Tarjeta Crédito,Marketplace
595.0,2024-03-10,141.0,,17.0,487371.0,Webpay,Web
596.0,10/03/2024,118.0,15.0,12.0,68594.0,Webpay,
597.0,11/03/2024,277.0,105.0,11.0,116506.0,Tarjeta Débito,Marketplace
598.0,2024-03-12,214.0,147.0,5.0,434336.0,Tarjeta Débito,Marketplace
599.0,,220.0,26.0,12.0,463305.0,Tarjeta Crédito,App
600.0,2024-03-13,26.0,52.0,17.0,210394.0,Webpay,Tienda Física
601.0,2024-03-14,9.0,93.0,6.0,26261.0,Tarjeta Débito,Tienda Física
602.0,15/03/2024,271.0,150.0,1.0,20657.0,Transferencia,Marketplace
603.0,15/03/2024,10.0,21.0,5.0,287401.0,  Transferencia  ,
604.0,16/03/2024,121.0,51.0,14.0,197055.0,Webpay,Web
605.0,17/03/2024,125.0,38.0,5.0,15298.0,  Tarjeta Débito  ,Marketplace
606.0,2024-03-18,170.0,20.0,1.0,292043.0,  Tarjeta Crédito  ,Web
607.0,18/03/2024,72.0,157.0,18.0,6640.0,Tarjeta Crédito,Marketplace
608.0,2024-03-19,152.0,179.0,16.0,393899.0,Tarjeta Crédito,App
,20/03/2024,208.0,132.0,9.0,153910.0,Transferencia,App
610.0,21/03/2024,49.0,55.0,,21089.0,Tarjeta Débito,Web
611.0,2024-03-21,154.0,,5.0,294588.0,  Tarjeta Débito  ,Tienda Física
612.0,22/03/2024,293.0,,2.0,199445.0,Transferencia,App
613.0,23/03/2024,68.0,28.0,750.0,$486926.0,Tarjeta Crédito,Web
614.0,23/03/2024,50.0,4.0,7.0,272555.0,Tarjeta Crédito,Marketplace
615.0,24/03/2024,152.0,150.0,400.0,138344.0,Webpay,Marketplace
,2024-03-25,19.0,76.0,1.0,355010.0,efectivo,Web
617.0,2024-03-26,100.0,173.0,13.0,136475.0,Tarjeta Débito,Tienda Física
618.0,26/03/2024,60.0,67.0,7.0,$452217.0,  Tarjeta Débito  ,Web
619.0,27/03/2024,167.0,86.0,15.0,187986.0,Tarjeta Débito,Web
620.0,28/03/2024,202.0,194.0,14.0,$275384.0,Efectivo,App
621.0,2024-03-29,146.0,,19.0,26236.0,  Webpay  ,Web
622.0,2024-03-29,164.0,91.0,18.0,213634.0,Efectivo,Web
623.0,2024-03-30,242.0,183.0,10.0,416349.0,,
624.0,2024-03-31,69.0,,9.0,403019.0,Tarjeta Crédito,App
625.0,31/03/2024,175.0,1.0,8.0,112935.0,Tarjeta Débito,Marketplace
626.0,01/04/2024,49.0,72.0,10.0,113813.0,Transferencia,Marketplace
627.0,02/04/2024,108.0,87.0,17.0,408835.0,Tarjeta Débito,Tienda Física
,03/04/2024,226.0,166.0,,465269.0,TRANSFERENCIA,Tienda Física
629.0,2024-04-03,161.0,6.0,6.0,48585.0,Efectivo,App
630.0,2024-04-04,119.0,153.0,5.0,225579.0,Tarjeta Crédito,App
631.0,2024-04-05,149.0,145.0,9.0,169390.0,Transferencia,Tienda Física
632.0,06/04/2024,150.0,61.0,5.0,435474.0,efectivo,
633.0,06/04/2024,293.0,12.0,18.0,42679.0,Tarjeta Crédito,
634.0,2024-04-07,143.0,6.0,9.0,106352.0,Transferencia,Tienda Física
635.0,08/04/2024,160.0,,17.0,,  Tarjeta Débito  ,Tienda Física
636.0,2024-04-09,11.0,136.0,17.0,26596.0,Tarjeta Débito,Marketplace
637.0,09/04/2024,138.0,124.0,12.0,246775.0,tarjeta débito,App
638.0,10/04/2024,,106.0,7.0,221611.0,Efectivo,Marketplace
639.0,2024-04-11,,193.0,3.0,167866.0,  Tarjeta Débito  ,Marketplace
640.0,2024-04-11,254.0,185.0,10.0,197892.0,Webpay,Web
641.0,2024-04-12,258.0,,,265440.0,TARJETA CRÉDITO,Marketplace
642.0,2024-04-13,291.0,109.0,3.0,$81522.0,Efectivo,Tienda Física
643.0,14/04/2024,263.0,99.0,16.0,286426.0,Tarjeta Débito,Tienda Física
644.0,14/04/2024,85.0,168.0,2.0,402911.0,Tarjeta Crédito,Web
645.0,2024-04-15,146.0,142.0,10.0,380320.0,Transferencia,Web
646.0,16/04/2024,42.0,35.0,6.0,77796.0,Tarjeta Débito,Web
647.0,2024-04-17,125.0,176.0,11.0,75475.0,tarjeta crédito,Web
648.0,2024-04-17,167.0,84.0,7.0,134819.0,WEBPAY,Web
649.0,2024-04-18,241.0,56.0,15.0,181176.0,Transferencia,Marketplace
650.0,19/04/2024,280.0,177.0,6.0,,,Web
651.0,2024-04-19,188.0,141.0,9.0,340169.0,TARJETA CRÉDITO,Marketplace
652.0,20/04/2024,19.0,189.0,12.0,29284.0,Webpay,App
653.0,2024-04-21,68.0,49.0,19.0,18302.0,Tarjeta Crédito,
654.0,22/04/2024,218.0,46.0,,196563.0,Tarjeta Crédito,Web
655.0,22/04/2024,102.0,113.0,15.0,348885.0,Webpay,Marketplace
656.0,2024-04-23,42.0,190.0,2.0,97524.0 aprox,Tarjeta Crédito,App
657.0,24/04/2024,288.0,136.0,2.0,,Tarjeta Débito,Marketplace
658.0,25/04/2024,167.0,43.0,3.0,130654.0,Tarjeta Crédito,Marketplace
659.0,2024-04-25,109.0,148.0,6.0,443157.0,  Efectivo  ,Web
660.0,2024-04-26,36.0,124.0,15.0,447949.0,Tarjeta Crédito,Tienda Física
661.0,2024-04-27,,97.0,10.0,149346.0,Efectivo,Tienda Física
662.0,28/04/2024,229.0,90.0,9.0,115767.0,Tarjeta Crédito,Marketplace
663.0,2024-04-28,164.0,39.0,1.0,206241.0,Tarjeta Crédito,Web
664.0,2024-04-29,73.0,85.0,16.0,121025.0,  Webpay  ,App
665.0,2024-04-30,136.0,177.0,6.0,336520.0,TARJETA DÉBITO,Tienda Física
666.0,30/04/2024,70.0,192.0,9.0,413206.0,Tarjeta Débito,App
667.0,01/05/2024,196.0,62.0,4.0,336873.0,Transferencia,Tienda Física
668.0,02/05/2024,269.0,,2.0,412351.0,Webpay,Web
669.0,03/05/2024,49.0,107.0,4.0,,Webpay,Marketplace
670.0,2024-05-03,130.0,54.0,1.0,79002.0,TARJETA DÉBITO,App
,2024-05-04,5.0,126.0,19.0,369238.0,  Webpay  ,App
672.0,05/05/2024,,9.0,10.0,180877.0,Tarjeta Débito,
673.0,06/05/2024,,88.0,15.0,335964.0,Webpay,App
674.0,06/05/2024,,37.0,19.0,136051.0,Tarjeta Crédito,
675.0,07/05/2024,264.0,49.0,-80.0,41534.0,,Marketplace
676.0,2024-05-08,230.0,41.0,4.0,496298.0,TARJETA DÉBITO,Tienda Física
677.0,2024-05-08,200.0,17.0,,78945.0,Efectivo,Tienda Física
678.0,2024-05-09,50.0,88.0,13.0,494222.0,Webpay,Web
679.0,2024-05-10,67.0,21.0,1.0,,Webpay,Tienda Física
680.0,11/05/2024,300.0,51.0,17.0,397115.0,TARJETA DÉBITO,Web
681.0,2024-05-11,58.0,59.0,13.0,330052.0,Tarjeta Crédito,App
682.0,12/05/2024,259.0,167.0,4.0,289326.0,  Tarjeta Crédito  ,App
683.0,2024-05-13,130.0,183.0,7.0,433185.0,Tarjeta Crédito,Web
684.0,14/05/2024,215.0,41.0,,145430.0,  Webpay  ,Tienda Física
685.0,14/05/2024,172.0,39.0,9.0,234373.0,  Efectivo  ,Marketplace
686.0,15/05/2024,258.0,141.0,4.0,310076.0 aprox,tarjeta débito,Marketplace
687.0,16/05/2024,102.0,192.0,19.0,206184.0,  Transferencia  ,Web
688.0,17/05/2024,209.0,11.0,1.0,214316.0,Efectivo,App
689.0,17/05/2024,291.0,147.0,10.0,165812.0,Transferencia,App
690.0,2024-05-18,286.0,139.0,4.0,282552.0,,Marketplace
691.0,2024-05-19,116.0,77.0,9.0,425437.0,Tarjeta Crédito,
692.0,2024-05-19,264.0,127.0,13.0,101563.0,Webpay,Marketplace
693.0,20/05/2024,150.0,46.0,14.0,467282.0,transferencia,Tienda Física
694.0,21/05/2024,300.0,45.0,10.0,344855.0,EFECTIVO,Tienda Física
695.0,22/05/2024,36.0,1.0,6.0,411813.0,Webpay,Web
696.0,2024-05-22,287.0,168.0,16.0,278539.0,Transferencia,Web
697.0,23/05/2024,208.0,108.0,6.0,389979.0,  Tarjeta Débito  ,Tienda Física
698.0,2024-05-24,106.0,19.0,,9084.0,Efectivo,App
699.0,2024-05-25,158.0,76.0,10.0,409372.0,Tarjeta Débito,Web
700.0,25/05/2024,121.0,72.0,18.0,21029.0,Tarjeta Crédito,Tienda Física
701.0,26/05/2024,55.0,200.0,18.0,,Tarjeta Débito,Tienda Física
702.0,27/05/2024,12.0,189.0,3.0,495989.0,Tarjeta Débito,App
703.0,2024-05-27,145.0,109.0,15.0,,  Efectivo  ,App
704.0,28/05/2024,136.0,12.0,15.0,105949.0,TARJETA CRÉDITO,App
705.0,29/05/2024,,189.0,4.0,,  Tarjeta Débito  ,
706.0,30/05/2024,144.0,161.0,9.0,127260.0,Webpay,Marketplace
707.0,2024-05-30,,45.0,19.0,~432916.0,TRANSFERENCIA,App
708.0,31/05/2024,237.0,90.0,17.0,52318.0,Tarjeta Débito,Marketplace
709.0,2024-06-01,279.0,103.0,11.0,63852.0,Tarjeta Crédito,Web
710.0,02/06/2024,115.0,197.0,9.0,489597.0,Tarjeta Débito,Tienda Física
711.0,,104.0,8.0,10.0,337246.0,Transferencia,Marketplace
,03/06/2024,118.0,153.0,18.0,423597.0,Tarjeta Crédito,Web
713.0,04/06/2024,5.0,91.0,13.0,162840.0,EFECTIVO,Web
,2024-06-05,248.0,174.0,8.0,338565.0,Tarjeta Crédito,Marketplace
715.0,05/06/2024,121.0,87.0,7.0,297527.0,  Efectivo  ,Web
716.0,2024-06-06,286.0,158.0,17.0,301972.0,Tarjeta Crédito,Web
717.0,2024-06-07,149.0,175.0,15.0,341584.0,Transferencia,Marketplace
718.0,07/06/2024,84.0,177.0,15.0,288104.0,Transferencia,Web
719.0,,231.0,175.0,1.0,215102.0,Tarjeta Crédito,App
720.0,09/06/2024,288.0,84.0,14.0,138685.0,,App
721.0,10/06/2024,161.0,82.0,5.0,384522.0,transferencia,Tienda Física
722.0,10/06/2024,272.0,146.0,11.0,113910.0,Efectivo,Web
723.0,2024-06-11,38.0,194.0,16.0,346485.0,EFECTIVO,Tienda Física
724.0,12/06/2024,226.0,68.0,2.0,117433.0,Webpay,
725.0,2024-06-13,142.0,161.0,8.0,313040.0,Efectivo,App
726.0,2024-06-13,292.0,127.0,11.0,373792.0,WEBPAY,App
727.0,14/06/2024,151.0,164.0,18.0,110138.0,Tarjeta Crédito,Web
728.0,2024-06-15,114.0,82.0,3.0,30912.0,Tarjeta Crédito,Web
729.0,2024-06-15,237.0,147.0,1.0,66356.0,Tarjeta Crédito,App
730.0,16/06/2024,66.0,156.0,11.0,,Tarjeta Débito,Tienda Física
731.0,2024-06-17,258.0,168.0,1600.0,424874.0,Tarjeta Débito,Tienda Física
732.0,18/06/2024,249.0,84.0,18.0,23453.0,Webpay,Marketplace
733.0,18/06/2024,180.0,113.0,16.0,367341.0,Efectivo,App
734.0,2024-06-19,190.0,76.0,10.0,171318.0,Efectivo,Tienda Física
735.0,2024-06-20,154.0,122.0,18.0,239786.0,Tarjeta Crédito,App
736.0,,196.0,143.0,6.0,464501.0 aprox,Transferencia,Tienda Física
737.0,2024-06-21,262.0,41.0,19.0,166654.0,Tarjeta Débito,Marketplace
738.0,2024-06-22,143.0,167.0,4.0,,Tarjeta Débito,Marketplace
739.0,2024-06-23,101.0,2.0,13.0,7828.0,Tarjeta Crédito,App
740.0,24/06/2024,244.0,191.0,14.0,41718.0,TARJETA DÉBITO,Tienda Física
741.0,24/06/2024,12.0,29.0,3.0,,Tarjeta Crédito,Web
742.0,2024-06-25,239.0,105.0,10.0,14898.0,Webpay,Marketplace
743.0,2024-06-26,49.0,194.0,6.0,316056.0,Efectivo,App
744.0,2024-06-26,42.0,51.0,1.0,213773.0,Transferencia,App
,2024-06-27,,75.0,14.0,274524.0,Efectivo,Tienda Física
746.0,28/06/2024,82.0,10.0,8.0,88149.0,Efectivo,App
747.0,2024-06-29,291.0,142.0,19.0,148670.0,Webpay,Marketplace
748.0,29/06/2024,158.0,51.0,14.0,332248.0 aprox,  Tarjeta Débito  ,App
749.0,30/06/2024,216.0,118.0,10.0,482686.0,Transferencia,App
750.0,2024-07-01,158.0,121.0,17.0,26158.0,  Tarjeta Débito  ,Web
751.0,02/07/2024,134.0,,9.0,445302.0,Efectivo,Web
752.0,,,28.0,60.0,288864.0,Tarjeta Crédito,Marketplace
,,7.0,3.0,11.0,282396.0,Efectivo,Tienda Física
754.0,2024-07-04,14.0,84.0,7.0,~250639.0,  Tarjeta Débito  ,Web
755.0,2024-07-04,73.0,198.0,17.0,35628.0,Efectivo,Tienda Física
756.0,05/07/2024,163.0,155.0,1.0,45849.0,Tarjeta Crédito,Marketplace
757.0,2024-07-06,66.0,117.0,5.0,300855.0,Webpay,Web
758.0,07/07/2024,130.0,,9.0,171138.0,Tarjeta Débito,Tienda Física
759.0,2024-07-07,206.0,93.0,18.0,458717.0,Efectivo,Web
760.0,08/07/2024,276.0,166.0,2.0,203889.0,Tarjeta Débito,Marketplace
761.0,09/07/2024,256.0,131.0,11.0,72497.0,Webpay,Marketplace
762.0,10/07/2024,266.0,144.0,6.0,357645.0,Efectivo,Web
763.0,,25.0,94.0,8.0,147383.0,Efectivo,Tienda Física
764.0,2024-07-11,281.0,40.0,,263210.0,TARJETA DÉBITO,App
765.0,,253.0,2.0,18.0,349219.0,Tarjeta Débito,App
,13/07/2024,289.0,81.0,11.0,450232.0,Tarjeta Crédito,Web
767.0,13/07/2024,164.0,169.0,5.0,396303.0,Webpay,Tienda Física
768.0,14/07/2024,95.0,12.0,15.0,338504.0,Tarjeta Crédito,App
769.0,2024-07-15,270.0,163.0,18.0,340137.0,Efectivo,Marketplace
770.0,15/07/2024,110.0,65.0,2.0,473016.0,Tarjeta Débito,Tienda Física
771.0,,238.0,55.0,11.0,148616.0,Efectivo,App
772.0,17/07/2024,25.0,45.0,13.0,1555.0,Efectivo,Tienda Física
773.0,2024-07-18,141.0,101.0,4.0,~136705.0,Transferencia,Web
774.0,18/07/2024,117.0,62.0,7.0,109728.0,Transferencia,Tienda Física
775.0,2024-07-19,25.0,49.0,11.0,331255.0,Efectivo,App
776.0,20/07/2024,79.0,,4.0,317222.0,  Tarjeta Débito  ,Web
777.0,21/07/2024,68.0,153.0,15.0,297137.0,Efectivo,Tienda Física
778.0,21/07/2024,173.0,23.0,1.0,9105.0,Transferencia,Marketplace
779.0,2024-07-22,12.0,152.0,3.0,364660.0,Tarjeta Débito,App
780.0,2024-07-23,288.0,38.0,14.0,162442.0,Efectivo,Web
781.0,2024-07-23,,28.0,,332863.0,Webpay,Tienda Física
782.0,24/07/2024,96.0,21.0,18.0,278733.0,  Webpay  ,Marketplace
,2024-07-25,92.0,182.0,1.0,172023.0,Efectivo,App
784.0,26/07/2024,141.0,107.0,6.0,,Tarjeta Débito,Marketplace
785.0,2024-07-26,,146.0,6.0,,,Tienda Física
786.0,27/07/2024,20.0,164.0,16.0,415928.0,Efectivo,Tienda Física
787.0,2024-07-28,146.0,99.0,5.0,459280.0,Transferencia,Web
788.0,29/07/2024,160.0,173.0,17.0,325244.0,Webpay,Marketplace
789.0,29/07/2024,43.0,119.0,,52614.0,Transferencia,Web
790.0,30/07/2024,254.0,73.0,18.0,201612.0,TRANSFERENCIA,App
791.0,31/07/2024,130.0,181.0,7.0,364741.0,Efectivo,Web
792.0,2024-08-01,60.0,122.0,3.0,390131.0,  Transferencia  ,App
793.0,2024-08-01,,30.0,,59991.0,Webpay,Tienda Física
794.0,2024-08-02,287.0,188.0,15.0,1015.0,Transferencia,Tienda Física
,2024-08-03,5.0,,19.0,356356.0,,Marketplace
796.0,03/08/2024,266.0,98.0,3.0,178941.0,Transferencia,App
797.0,04/08/2024,130.0,32.0,4.0,127986.0,Webpay,Tienda Física
798.0,2024-08-05,267.0,195.0,5.0,7436.0,transferencia,Marketplace
799.0,2024-08-06,178.0,195.0,1.0,270609.0,Transferencia,Marketplace
800.0,2024-08-06,253.0,156.0,4.0,425724.0,Tarjeta Débito,Web
801.0,2024-08-07,56.0,172.0,12.0,478858.0,Webpay,Marketplace
802.0,08/08/2024,83.0,79.0,10.0,283307.0,WEBPAY,Tienda Física
803.0,09/08/2024,99.0,41.0,13.0,~257716.0,Webpay,Web
804.0,2024-08-09,149.0,63.0,14.0,43443.0,Tarjeta Crédito,App
805.0,10/08/2024,156.0,23.0,5.0,274888.0,Transferencia,App
806.0,11/08/2024,190.0,104.0,4.0,190610.0,Webpay,Tienda Física
807.0,11/08/2024,263.0,75.0,14.0,303961.0,Tarjeta Crédito,Tienda Física
808.0,12/08/2024,80.0,48.0,10.0,194974.0,TARJETA DÉBITO,Web
809.0,13/08/2024,252.0,160.0,17.0,120909.0,Webpay,Web
810.0,2024-08-14,97.0,57.0,10.0,48388.0,  Webpay  ,Tienda Física
811.0,2024-08-14,260.0,118.0,7.0,158144.0,Tarjeta Crédito,Tienda Física
812.0,15/08/2024,260.0,100.0,16.0,49226.0,Transferencia,
813.0,2024-08-16,103.0,124.0,1.0,89272.0,Tarjeta Débito,App
,2024-08-17,40.0,161.0,17.0,493681.0,Webpay,App
815.0,2024-08-17,273.0,152.0,9.0,222608.0,Transferencia,Tienda Física
,2024-08-18,101.0,167.0,6.0,266404.0,Tarjeta Débito,Marketplace
817.0,2024-08-19,221.0,34.0,19.0,436936.0,  Efectivo  ,Tienda Física
818.0,20/08/2024,124.0,184.0,,497789.0,efectivo,Tienda Física
819.0,20/08/2024,231.0,156.0,3.0,291775.0,Tarjeta Débito,App
820.0,21/08/2024,178.0,165.0,7.0,406424.0,Tarjeta Crédito,Tienda Física
821.0,2024-08-22,63.0,7.0,9.0,164144.0,Tarjeta Débito,Web
822.0,22/08/2024,116.0,196.0,5.0,153566.0,Tarjeta Débito,Tienda Física
823.0,2024-08-23,191.0,165.0,10.0,201949.0,Tarjeta Crédito,Tienda Física
824.0,2024-08-24,62.0,56.0,17.0,336581.0,Tarjeta Crédito,Tienda Física
825.0,25/08/2024,256.0,65.0,12.0,341414.0,  Transferencia  ,
826.0,25/08/2024,7.0,193.0,16.0,158304.0,Transferencia,Marketplace
827.0,2024-08-26,155.0,47.0,3.0,67472.0,Tarjeta Crédito,Tienda Física
828.0,2024-08-27,92.0,148.0,9.0,316566.0,  Efectivo  ,Web
829.0,2024-08-28,14.0,19.0,15.0,65035.0,Efectivo,Web
830.0,28/08/2024,229.0,157.0,5.0,289668.0,Tarjeta Débito,Tienda Física
831.0,29/08/2024,86.0,188.0,,347018.0,WEBPAY,App
,30/08/2024,133.0,146.0,14.0,350605.0,  Tarjeta Débito  ,Marketplace
833.0,2024-08-30,183.0,163.0,15.0,376983.0,Tarjeta Débito,Tienda Física
834.0,31/08/2024,62.0,171.0,16.0,436557.0,Webpay,Tienda Física
835.0,2024-09-01,219.0,126.0,13.0,250480.0,tarjeta crédito,Tienda Física
836.0,02/09/2024,246.0,139.0,17.0,365394.0,Efectivo,App
837.0,02/09/2024,230.0,49.0,8.0,309967.0,,App
838.0,03/09/2024,79.0,113.0,2.0,94133.0,Webpay,App
839.0,04/09/2024,149.0,38.0,5.0,13819.0,Transferencia,Marketplace
840.0,2024-09-05,138.0,64.0,,$142986.0,Tarjeta Débito,Web
841.0,2024-09-05,65.0,69.0,12.0,222074.0,Efectivo,Marketplace
842.0,2024-09-06,13.0,136.0,18.0,,Tarjeta Crédito,App
843.0,2024-09-07,213.0,162.0,1.0,425130.0,  Tarjeta Débito  ,Web
844.0,08/09/2024,242.0,176.0,,98927.0,TARJETA DÉBITO,Web
845.0,2024-09-08,213.0,116.0,11.0,63649.0,Webpay,App
846.0,,181.0,184.0,10.0,,Transferencia,App
,2024-09-10,173.0,65.0,19.0,54914.0,  Transferencia  ,Marketplace
848.0,10/09/2024,160.0,31.0,14.0,239767.0,Tarjeta Crédito,App
,2024-09-11,164.0,132.0,10.0,293196.0,,Web
850.0,12/09/2024,188.0,113.0,15.0,271146.0,Tarjeta Crédito,Tienda Física
851.0,13/09/2024,191.0,109.0,1900.0,43930.0,  Tarjeta Débito  ,App
852.0,13/09/2024,256.0,178.0,4.0,29456.0,Tarjeta Débito,App
853.0,14/09/2024,183.0,69.0,200.0,53636.0,Transferencia,Marketplace
854.0,2024-09-15,117.0,158.0,9.0,293208.0,Efectivo,Marketplace
855.0,2024-09-16,282.0,120.0,,272628.0,Webpay,App
856.0,16/09/2024,196.0,88.0,11.0,117637.0,Efectivo,Web
857.0,2024-09-17,34.0,187.0,14.0,319249.0,  Tarjeta Débito  ,Web
858.0,18/09/2024,52.0,67.0,7.0,410214.0,Webpay,Tienda Física
859.0,18/09/2024,112.0,75.0,15.0,21748.0,Efectivo,App
860.0,2024-09-19,,45.0,19.0,249567.0,Efectivo,Marketplace
861.0,20/09/2024,82.0,4.0,15.0,344966.0,Webpay,Web
862.0,2024-09-21,232.0,154.0,8.0,126904.0,Tarjeta Débito,Tienda Física
863.0,2024-09-21,227.0,155.0,11.0,154578.0,Efectivo,App
864.0,22/09/2024,,174.0,9.0,307205.0,Webpay,Web
865.0,2024-09-23,221.0,107.0,15.0,~449070.0,TARJETA DÉBITO,App
866.0,2024-09-24,42.0,192.0,1.0,,Webpay,App
867.0,24/09/2024,21.0,51.0,1.0,291982.0,Webpay,Web
868.0,2024-09-25,42.0,50.0,19.0,365381.0,EFECTIVO,Web
869.0,26/09/2024,113.0,6.0,3.0,183046.0,Tarjeta Débito,Web
870.0,27/09/2024,105.0,59.0,10.0,320842.0,Efectivo,App
871.0,2024-09-27,192.0,125.0,8.0,233625.0,Tarjeta Crédito,App
872.0,28/09/2024,17.0,143.0,15.0,95778.0,TARJETA CRÉDITO,Tienda Física
873.0,29/09/2024,120.0,30.0,10.0,351167.0,Tarjeta Débito,Marketplace
874.0,,129.0,170.0,1.0,278676.0,Webpay,App
,2024-09-30,130.0,122.0,18.0,179952.0,Efectivo,Marketplace
876.0,2024-10-01,60.0,125.0,2.0,455758.0,Efectivo,Web
877.0,02/10/2024,48.0,37.0,19.0,,Tarjeta Débito,App
878.0,02/10/2024,29.0,170.0,13.0,158571.0,Tarjeta Débito,Tienda Física
879.0,03/10/2024,97.0,124.0,1.0,29384.0,Tarjeta Crédito,Tienda Física
880.0,2024-10-04,10.0,101.0,2.0,383497.0,Transferencia,Marketplace
881.0,2024-10-05,242.0,35.0,16.0,351352.0,Tarjeta Débito,Web
882.0,2024-10-05,232.0,87.0,15.0,166345.0,Transferencia,Marketplace
883.0,2024-10-06,277.0,134.0,13.0,338156.0,Tarjeta Débito,Web
884.0,2024-10-07,,196.0,16.0,198573.0,Webpay,Tienda Física
885.0,2024-10-07,203.0,,17.0,378371.0,Webpay,Marketplace
886.0,,247.0,113.0,7.0,227638.0,  Tarjeta Crédito  ,Tienda Física
887.0,2024-10-09,290.0,29.0,17.0,206728.0,Tarjeta Crédito,Tienda Física
888.0,2024-10-10,264.0,77.0,7.0,467430.0,Transferencia,
889.0,10/10/2024,214.0,59.0,13.0,126189.0,,Marketplace
890.0,2024-10-11,200.0,175.0,,61103.0,Efectivo,Marketplace
891.0,2024-10-12,79.0,,17.0,292687.0,Tarjeta Crédito,Tienda Física
892.0,2024-10-13,173.0,145.0,3.0,484692.0,Efectivo,Tienda Física
893.0,2024-10-13,69.0,109.0,7.0,189542.0,Efectivo,Web
894.0,14/10/2024,87.0,22.0,17.0,31956.0,  Tarjeta Débito  ,App
895.0,2024-10-15,101.0,68.0,7.0,170313.0,TRANSFERENCIA,App
896.0,2024-10-16,8.0,69.0,1.0,253460.0,Tarjeta Débito,Tienda Física
897.0,2024-10-16,200.0,165.0,17.0,81800.0,Tarjeta Crédito,App
898.0,2024-10-17,87.0,49.0,17.0,329393.0,Efectivo,App
899.0,2024-10-18,43.0,,11.0,498877.0,Tarjeta Débito,App
900.0,18/10/2024,109.0,162.0,3.0,226418.0,,App
901.0,19/10/2024,152.0,109.0,15.0,178010.0,Tarjeta Débito,Tienda Física
902.0,20/10/2024,17.0,86.0,11.0,~200951.0,,App
903.0,21/10/2024,133.0,53.0,16.0,58458.0,  Transferencia  ,App
904.0,2024-10-21,148.0,123.0,9.0,441754.0,,
,,277.0,87.0,1.0,207998.0,Tarjeta Crédito,Tienda Física
906.0,2024-10-23,232.0,179.0,,194250.0,Efectivo,Marketplace
907.0,2024-10-24,228.0,131.0,9.0,330185.0,Webpay,Marketplace
908.0,2024-10-24,139.0,42.0,19.0,221575.0,Tarjeta Crédito,Web
,2024-10-25,211.0,,12.0,324469.0,Webpay,Web
910.0,2024-10-26,28.0,160.0,19.0,31662.0,Tarjeta Débito,Tienda Física
911.0,2024-10-26,51.0,,9.0,407048.0,Tarjeta Débito,Marketplace
,2024-10-27,261.0,51.0,,470311.0,Tarjeta Crédito,App
913.0,2024-10-28,261.0,85.0,14.0,324734.0,Webpay,Web
914.0,2024-10-29,8.0,174.0,19.0,477328.0,Tarjeta Débito,Marketplace
915.0,2024-10-29,138.0,127.0,19.0,76565.0,Efectivo,Tienda Física
916.0,30/10/2024,38.0,21.0,2.0,239231.0,Transferencia,App
917.0,31/10/2024,111.0,44.0,9.0,301302.0,TRANSFERENCIA,Tienda Física
918.0,2024-11-01,220.0,139.0,,291287.0,Tarjeta Débito,Web
919.0,2024-11-01,223.0,103.0,15.0,201329.0,Webpay,Marketplace
920.0,2024-11-02,136.0,68.0,3.0,169704.0,  Tarjeta Débito  ,Marketplace
921.0,03/11/2024,256.0,129.0,11.0,64285.0,Webpay,Marketplace
922.0,2024-11-04,49.0,92.0,14.0,196479.0,efectivo,Marketplace
923.0,04/11/2024,292.0,191.0,8.0,82168.0,Webpay,App
924.0,05/11/2024,78.0,24.0,18.0,367448.0,Tarjeta Débito,App
925.0,2024-11-06,105.0,125.0,19.0,,Efectivo,Tienda Física
926.0,2024-11-06,169.0,141.0,16.0,,Tarjeta Crédito,App
927.0,07/11/2024,217.0,111.0,2.0,276631.0,Transferencia,Web
928.0,08/11/2024,119.0,98.0,8.0,298020.0,Tarjeta Débito,Web
929.0,09/11/2024,190.0,139.0,6.0,436085.0,Tarjeta Débito,Marketplace
930.0,2024-11-09,255.0,179.0,12.0,288914.0,Tarjeta Débito,Web
931.0,2024-11-10,266.0,17.0,15.0,173395.0,  Efectivo  ,Tienda Física
932.0,11/11/2024,149.0,99.0,8.0,,TARJETA CRÉDITO,App
933.0,2024-11-12,164.0,82.0,4.0,270599.0,  Webpay  ,App
934.0,2024-11-12,140.0,104.0,15.0,40561.0,Tarjeta Crédito,App
935.0,13/11/2024,258.0,152.0,17.0,,Efectivo,Web
936.0,14/11/2024,269.0,19.0,13.0,454101.0 aprox,Tarjeta Débito,App
937.0,2024-11-14,181.0,165.0,18.0,198760.0,  Transferencia  ,Marketplace
938.0,15/11/2024,160.0,85.0,2.0,148867.0,Tarjeta Débito,Marketplace
939.0,2024-11-16,288.0,8.0,13.0,72591.0,Webpay,Marketplace
940.0,17/11/2024,288.0,28.0,13.0,76571.0,TRANSFERENCIA,Web
941.0,2024-11-17,226.0,5.0,15.0,216953.0,Tarjeta Débito,App
942.0,2024-11-18,,145.0,10.0,298244.0,Transferencia,Web
943.0,19/11/2024,10.0,101.0,3.0,41227.0,Tarjeta Crédito,App
944.0,2024-11-20,271.0,164.0,19.0,,Efectivo,Tienda Física
945.0,2024-11-20,273.0,118.0,,377812.0,Tarjeta Débito,Tienda Física
946.0,21/11/2024,183.0,147.0,14.0,293725.0,Webpay,Web
947.0,22/11/2024,153.0,,8.0,414391.0,Tarjeta Crédito,Marketplace
948.0,23/11/2024,124.0,91.0,,41013.0,Tarjeta Débito,Web
949.0,23/11/2024,114.0,117.0,11.0,238943.0,Tarjeta Crédito,Marketplace
950.0,24/11/2024,278.0,98.0,11.0,315416.0,Webpay,
951.0,,213.0,11.0,11.0,$414498.0,Tarjeta Débito,Marketplace
952.0,2024-11-25,172.0,54.0,2.0,391951.0,Webpay,Marketplace
953.0,26/11/2024,288.0,173.0,17.0,139258.0,TRANSFERENCIA,App
,2024-11-27,174.0,47.0,9.0,470499.0,Webpay,Tienda Física
955.0,2024-11-28,113.0,140.0,2.0,63049.0,Transferencia,App
956.0,28/11/2024,122.0,149.0,15.0,,Tarjeta Débito,Web
957.0,29/11/2024,32.0,139.0,16.0,485499.0,Transferencia,Web
958.0,30/11/2024,222.0,5.0,4.0,89400.0,Tarjeta Débito,Web
959.0,2024-12-01,119.0,184.0,8.0,,TARJETA DÉBITO,Web
960.0,2024-12-01,39.0,20.0,9.0,21102.0,Efectivo,Web
961.0,02/12/2024,268.0,169.0,5.0,203306.0,  Tarjeta Débito  ,Tienda Física
962.0,2024-12-03,233.0,46.0,16.0,258625.0,transferencia,Tienda Física
963.0,03/12/2024,18.0,12.0,13.0,290742.0,Efectivo,Marketplace
964.0,04/12/2024,149.0,70.0,7.0,468033.0,Efectivo,Web
965.0,05/12/2024,149.0,17.0,17.0,336453.0,Tarjeta Débito,App
966.0,2024-12-06,126.0,115.0,3.0,241158.0,Webpay,Web
967.0,06/12/2024,238.0,147.0,,405028.0,Webpay,Tienda Física
968.0,2024-12-07,135.0,154.0,19.0,475316.0,Efectivo,Web
969.0,2024-12-08,151.0,48.0,12.0,12011.0,Tarjeta Débito,Tienda Física
970.0,09/12/2024,236.0,108.0,7.0,491278.0,Webpay,Marketplace
971.0,09/12/2024,224.0,52.0,9.0,43980.0,Tarjeta Débito,Marketplace
972.0,10/12/2024,203.0,96.0,6.0,407379.0,  Tarjeta Débito  ,Marketplace
973.0,11/12/2024,256.0,70.0,17.0,140887.0,Efectivo,Tienda Física
974.0,12/12/2024,86.0,183.0,16.0,66958.0,,Web
975.0,2024-12-12,150.0,102.0,3.0,220488.0,Tarjeta Crédito,Web
976.0,13/12/2024,235.0,75.0,4.0,322334.0,Webpay,App
977.0,14/12/2024,22.0,161.0,10.0,191095.0,  Webpay  ,Tienda Física
978.0,14/12/2024,285.0,190.0,5.0,28228.0,Webpay,App
979.0,2024-12-15,269.0,151.0,10.0,300131.0,Transferencia,Marketplace
980.0,16/12/2024,258.0,143.0,12.0,451299.0,Tarjeta Débito,Web
981.0,17/12/2024,29.0,155.0,10.0,192224.0,EFECTIVO,Tienda Física
982.0,2024-12-17,213.0,192.0,13.0,108950.0,Webpay,App
983.0,18/12/2024,283.0,179.0,11.0,221846.0,Tarjeta Crédito,App
984.0,,50.0,,16.0,25133.0,Webpay,App
985.0,20/12/2024,95.0,82.0,8.0,410423.0,,Web
986.0,20/12/2024,88.0,92.0,8.0,413344.0,Tarjeta Débito,Web
987.0,2024-12-21,44.0,179.0,8.0,294412.0,EFECTIVO,Web
988.0,22/12/2024,278.0,175.0,13.0,~177198.0,  Transferencia  ,Tienda Física
989.0,22/12/2024,171.0,4.0,2.0,400092.0,Efectivo,Web
990.0,2024-12-23,189.0,135.0,12.0,277789.0,WEBPAY,Tienda Física
991.0,2024-12-24,184.0,109.0,10.0,413140.0,Tarjeta Crédito,App
992.0,2024-12-25,3.0,163.0,12.0,316098.0,Efectivo,App
993.0,25/12/2024,191.0,48.0,-55.0,392418.0,  Transferencia  ,Marketplace
994.0,26/12/2024,118.0,73.0,15.0,299683.0,Efectivo,Web
995.0,27/12/2024,19.0,72.0,16.0,207656.0,Tarjeta Débito,
996.0,28/12/2024,23.0,116.0,17.0,479015.0,webpay,Web
997.0,,30.0,173.0,2.0,271016.0,Webpay,Tienda Física
998.0,2024-12-29,295.0,81.0,18.0,302940.0,Webpay,App
999.0,30/12/2024,108.0,81.0,12.0,111023.0,  Webpay  ,Web
1000.0,31/12/2024,281.0,113.0,19.0,313200.0,Webpay,App
61.0,2023-02-13,146.0,188.0,13.0,116777.0,Tarjeta Crédito,App
438.0,2023-11-16,204.0,58.0,4.0,329700.0,,Tienda Física
264.0,12/07/2023,46.0,198.0,8.0,111032.0,  Transferencia  ,App
797.0,04/08/2024,130.0,32.0,4.0,127986.0,Webpay,Tienda Física
95.0,10/03/2023,177.0,159.0,14.0,339088.0,,Tienda Física
553.0,08/02/2024,21.0,8.0,8.0,20595.0,Tarjeta Débito,App
926.0,2024-11-06,169.0,141.0,16.0,,Tarjeta Crédito,App
470.0,09/12/2023,185.0,67.0,5.0,241584.0,Efectivo,Web
661.0,2024-04-27,,97.0,10.0,149346.0,Efectivo,Tienda Física
716.0,2024-06-06,286.0,158.0,17.0,301972.0,Tarjeta Crédito,Web
779.0,2024-07-22,12.0,152.0,3.0,364660.0,Tarjeta Débito,App
514.0,10/01/2024,245.0,150.0,850.0,91708.0,transferencia,App
690.0,2024-05-18,286.0,139.0,4.0,282552.0,,Marketplace
937.0,2024-11-14,181.0,165.0,18.0,198760.0,  Transferencia  ,Marketplace
194.0,2023-05-22,242.0,106.0,9.0,69437.0,,App
482.0,18/12/2023,157.0,46.0,19.0,342249.0,tarjeta débito,App
899.0,2024-10-18,43.0,,11.0,498877.0,Tarjeta Débito,App
336.0,2023-09-02,3.0,51.0,12.0,117978.0,Tarjeta Crédito,Marketplace
435.0,14/11/2023,121.0,51.0,8.0,~297829.0,TARJETA CRÉDITO,Web
196.0,2023-05-23,192.0,44.0,7.0,253249.0,Webpay,App
855.0,2024-09-16,282.0,120.0,,272628.0,Webpay,App
249.0,,,33.0,16.0,413030.0,Webpay,Marketplace
498.0,30/12/2023,147.0,,8.0,39325.0,TARJETA DÉBITO,Web
212.0,04/06/2023,,143.0,15.0,431239.0 aprox,Transferencia,Web
665.0,2024-04-30,136.0,177.0,6.0,336520.0,TARJETA DÉBITO,Tienda Física
670.0,2024-05-03,130.0,54.0,1.0,79002.0,TARJETA DÉBITO,App
466.0,2023-12-06,299.0,200.0,13.0,164762.0,Efectivo,Marketplace
874.0,,129.0,170.0,1.0,278676.0,Webpay,App
651.0,2024-04-19,188.0,141.0,9.0,340169.0,TARJETA CRÉDITO,Marketplace
221.0,10/06/2023,99.0,120.0,14.0,371079.0,tarjeta débito,Web
