id_venta,fecha,id_cliente,id_producto,cantidad,precio_unitario,metodo_pago,canal_venta,total_venta,mes,dia_semana,trimestre,tiene_devolucion,region,segmento,categoria,precio_lista,proveedor,descuento_relativo
2,2023-01-01,47,111,8,330096.0,Tarjeta Débito,Web,2640768.0,1,6,1,0,Metropolitana,Premium,Ropa,89542.0,ProvC,-1.0
3,2023-01-02,288,136,19,398324.0,Webpay,Tienda Física,7568156.0,1,0,1,0,Araucanía,Nuevo,Ropa,475353.0,ProvF,0.16204589010693107
5,2023-01-03,16,186,3,346487.0,Webpay,Marketplace,1039461.0,1,1,1,0,Coquimbo,Nuevo,Belleza,373276.0,ProvB,0.07176727140239395
6,2023-01-04,199,144,5,132767.0,Tarjeta Débito,Web,663835.0,1,2,1,0,Valparaíso,Premium,Ropa,223580.0,ProvD,0.4061767599964219
8,2023-01-06,86,129,15,318551.0,Transferencia,Tienda Física,4778265.0,1,4,1,1,Coquimbo,VIP,Hogar,447866.0,ProvF,0.288735916546467
9,2023-01-06,250,108,14,162931.0,Tarjeta Débito,Marketplace,2281034.0,1,4,1,0,Coquimbo,Nuevo,Ropa,367800.0,ProvB,0.5570119630233823
11,2023-01-08,117,3,18,96272.0,Tarjeta Débito,Web,1732896.0,1,6,1,0,Araucanía,Premium,Alimentos,398101.0,ProvF,0.7581719211958774
12,2023-01-09,7,193,11,347626.0,Webpay,Tienda Física,3823886.0,1,0,1,0,Los Lagos,Regular,Belleza,481648.0,ProvB,0.2782571504501212
13,2023-01-09,137,132,3,110139.0,Transferencia,,330417.0,1,0,1,0,Biobío,Premium,Hogar,452786.0,ProvF,0.7567526381116024
14,2023-01-10,176,,10,298056.0,Transferencia,Marketplace,2980560.0,1,1,1,1,Coquimbo,VIP,Belleza,,ProvF,
16,2023-01-11,82,106,16,331323.0,Tarjeta Débito,Tienda Física,5301168.0,1,2,1,0,Los Lagos,Premium,Alimentos,314842.0,ProvD,-0.052346891456667155
17,2023-01-12,223,98,12,407655.0,Efectivo,Web,4891860.0,1,3,1,0,Biobío,VIP,Belleza,36523.0,ProvD,-1.0
18,2023-01-13,103,10,2,389235.0,Webpay,App,778470.0,1,4,1,0,Biobío,Premium,Hogar,233333.0,ProvC,-0.6681523830748329
21,2023-01-15,159,46,15,45104.0,Webpay,Marketplace,676560.0,1,6,1,0,Valparaíso,Regular,Deportes,330438.0,ProvE,0.8635023816873362
22,2023-01-16,152,155,3,349775.0,Tarjeta Débito,App,1049325.0,1,0,1,0,Coquimbo,Regular,Belleza,271278.5,ProvA,-0.2893576158818336
24,2023-01-17,188,169,18,216741.0,Transferencia,Marketplace,3901338.0,1,1,1,0,Araucanía,VIP,Belleza,473677.0,ProvA,0.5424287014146771
25,2023-01-18,98,112,8,16543.0,Tarjeta Débito,Marketplace,132344.0,1,2,1,0,O'Higgins,Nuevo,Belleza,375557.0,ProvB,0.9559507611361258
26,2023-01-19,,13,17,130529.0,Efectivo,Web,2218993.0,1,3,1,0,O'Higgins,Nuevo,Hogar,295826.0,ProvC,0.5587642735932609
27,2023-01-19,293,137,8,17805.0,Efectivo,Marketplace,142440.0,1,3,1,0,Coquimbo,VIP,Belleza,,ProvF,
28,2023-01-20,171,164,7,439714.0,Transferencia,Web,3077998.0,1,4,1,0,Maule,Nuevo,Belleza,43334.0,ProvB,-1.0
30,2023-01-22,39,90,3,279111.0,Transferencia,Web,837333.0,1,6,1,0,Araucanía,Nuevo,Belleza,480634.0,ProvA,0.4192857767032711
31,2023-01-22,15,58,1,20451.0,Webpay,App,20451.0,1,6,1,0,Araucanía,Nuevo,Deportes,23955.0,ProvD,0.14627426424546025
32,2023-01-23,4,54,4,333757.0,Webpay,Marketplace,1335028.0,1,0,1,0,O'Higgins,Nuevo,Alimentos,178630.0,ProvC,-0.8684263561551812
33,2023-01-24,210,12,5,162191.0,Transferencia,App,810955.0,1,1,1,1,Coquimbo,Premium,Hogar,143984.0,ProvA,-0.12645155017224136
34,2023-01-25,161,14,1,449062.0,Tarjeta Débito,Marketplace,449062.0,1,2,1,0,Coquimbo,Premium,Belleza,,ProvF,
35,2023-01-25,16,121,15,444171.0,Efectivo,Marketplace,6662565.0,1,2,1,1,Coquimbo,Nuevo,Belleza,215068.0,ProvE,-1.0
36,2023-01-26,108,162,5,163320.0,Webpay,Tienda Física,816600.0,1,3,1,0,O'Higgins,Regular,Alimentos,353415.0,ProvF,0.5378803955689487
37,2023-01-27,227,181,13,450579.0,Webpay,Web,5857527.0,1,4,1,0,Valparaíso,Nuevo,Alimentos,234862.0,ProvF,-0.9184840459503879
38,2023-01-28,,121,8,498083.0,Tarjeta Crédito,App,3984664.0,1,5,1,0,O'Higgins,Nuevo,Belleza,215068.0,ProvE,-1.0
39,2023-01-28,34,20,8,412882.0,Tarjeta Débito,App,3303056.0,1,5,1,0,O'Higgins,Premium,Deportes,385227.0,ProvC,-0.07178884138443048
40,2023-01-29,251,75,5,422591.0,Tarjeta Crédito,App,2112955.0,1,6,1,1,Metropolitana,VIP,Belleza,428388.0,ProvC,0.013532125082868801
41,2023-01-30,247,,9,125255.0,Tarjeta Crédito,Web,1127295.0,1,0,1,0,Maule,Premium,Belleza,,ProvF,
42,2023-01-30,269,70,1,288774.0,Webpay,Tienda Física,288774.0,1,0,1,0,O'Higgins,Nuevo,Belleza,317912.0,ProvE,0.09165429427011249
43,2023-01-31,141,56,4,34561.0,Efectivo,App,138244.0,1,1,1,0,Valparaíso,Regular,Belleza,8182.0,ProvA,-1.0
44,2023-02-01,274,101,3,48364.0,Tarjeta Crédito,Web,145092.0,2,2,1,0,Metropolitana,Nuevo,Belleza,12613.0,ProvB,-1.0
46,2023-02-02,227,132,8,163993.0,Transferencia,App,1311944.0,2,3,1,0,Valparaíso,Nuevo,Hogar,452786.0,ProvF,0.6378134482956629
47,2023-02-03,39,111,9,374344.0,Tarjeta Crédito,App,3369096.0,2,4,1,0,Araucanía,Nuevo,Ropa,89542.0,ProvC,-1.0
48,2023-02-04,29,125,2,403526.0,Tarjeta Crédito,Tienda Física,807052.0,2,5,1,0,Araucanía,Nuevo,Belleza,,ProvF,
49,2023-02-05,245,132,14,429154.0,Tarjeta Débito,App,6008156.0,2,6,1,0,Metropolitana,VIP,Hogar,452786.0,ProvF,0.05219242644428052
50,2023-02-05,236,20,14,498817.0,Efectivo,App,6983438.0,2,6,1,0,Metropolitana,Nuevo,Deportes,385227.0,ProvC,-0.29486510550921924
52,2023-02-07,272,24,6,21135.0,Tarjeta Crédito,Web,126810.0,2,1,1,0,Araucanía,Premium,Deportes,26789.0,ProvB,0.21105677703535033
53,2023-02-07,236,154,11,206185.0,Efectivo,Web,2268035.0,2,1,1,0,Metropolitana,Nuevo,Hogar,72353.0,ProvF,-1.0
54,2023-02-08,239,37,3,65910.0,Tarjeta Débito,Tienda Física,197730.0,2,2,1,0,Biobío,Premium,Ropa,481362.0,ProvE,0.863076021788176
55,2023-02-09,266,54,8,12191.0,Tarjeta Crédito,,97528.0,2,3,1,0,Metropolitana,Nuevo,Alimentos,178630.0,ProvC,0.9317527850864916
57,2023-02-10,177,149,14,392085.0,Tarjeta Crédito,Marketplace,5489190.0,2,4,1,0,Araucanía,Regular,Alimentos,275215.0,ProvF,-0.4246498192322366
59,2023-02-12,142,174,13,157076.0,Webpay,Marketplace,2041988.0,2,6,1,0,Biobío,VIP,Deportes,388796.0,ProvB,0.5959937859442999
60,2023-02-13,158,4,2,327517.0,Transferencia,Tienda Física,655034.0,2,0,1,0,Maule,Regular,Belleza,271278.5,ProvE,-0.2073090937910671
61,2023-02-13,146,188,13,116777.0,Tarjeta Crédito,App,1518101.0,2,0,1,1,Biobío,Premium,Belleza,481124.0,ProvE,0.7572829457686584
63,2023-02-15,153,173,6,382412.0,Webpay,Web,2294472.0,2,2,1,0,Los Lagos,VIP,Belleza,,ProvF,
64,2023-02-16,193,20,16,312248.0,Transferencia,Tienda Física,4995968.0,2,3,1,0,Biobío,Regular,Deportes,385227.0,ProvC,0.18944414591915934
65,2023-02-16,73,17,2,381389.0,Efectivo,App,762778.0,2,3,1,1,Araucanía,Regular,Belleza,180735.0,ProvA,-1.0
66,2023-02-17,140,119,8,20430.0,Tarjeta Débito,Tienda Física,163440.0,2,4,1,0,Maule,Nuevo,Belleza,465448.0,ProvC,0.9561068046269401
67,2023-02-18,187,71,17,418723.0,Transferencia,Web,7118291.0,2,5,1,0,Biobío,Premium,Belleza,,ProvF,
68,2023-02-18,,4,2,310144.0,Efectivo,Web,620288.0,2,5,1,0,O'Higgins,Nuevo,Belleza,271278.5,ProvE,-0.14326789627633593
69,2023-02-19,61,14,10,282134.0,Tarjeta Débito,Tienda Física,2821340.0,2,6,1,0,Metropolitana,Regular,Belleza,,ProvF,
70,2023-02-20,198,3,16,312682.0,Efectivo,App,5002912.0,2,0,1,0,Araucanía,Nuevo,Alimentos,398101.0,ProvF,0.2145661528104677
71,2023-02-21,,80,6,432352.0,Transferencia,Tienda Física,2594112.0,2,1,1,0,O'Higgins,Nuevo,Ropa,14229.0,ProvB,-1.0
72,2023-02-21,11,186,2,293881.0,Transferencia,App,587762.0,2,1,1,0,Maule,VIP,Belleza,373276.0,ProvB,0.2126978428830142
73,2023-02-22,62,55,2,290894.0,Tarjeta Crédito,Marketplace,581788.0,2,2,1,0,Los Lagos,Nuevo,Belleza,379165.0,ProvE,0.23280366067543154
74,2023-02-23,226,132,13,495349.0,Efectivo,,6439537.0,2,3,1,0,Metropolitana,VIP,Hogar,452786.0,ProvF,-0.0940024647405176
75,2023-02-24,153,120,15,378608.0,Efectivo,Marketplace,5679120.0,2,4,1,0,Los Lagos,VIP,Belleza,,ProvF,
76,2023-02-24,199,24,2,221705.0,Tarjeta Crédito,Tienda Física,443410.0,2,4,1,0,Valparaíso,Premium,Deportes,26789.0,ProvB,-1.0
77,2023-02-25,52,162,7,353991.0,Efectivo,App,2477937.0,2,5,1,0,Coquimbo,Nuevo,Alimentos,353415.0,ProvF,-0.0016298119774203132
78,2023-02-26,260,158,3,195226.0,Tarjeta Crédito,Marketplace,585678.0,2,6,1,0,Araucanía,VIP,Belleza,42969.0,ProvB,-1.0
79,2023-02-26,59,82,80,115209.0,Tarjeta Débito,Marketplace,9216720.0,2,6,1,0,Araucanía,VIP,Ropa,470175.0,ProvF,0.7549657042590525
82,2023-03-01,63,188,7,464641.0,Tarjeta Débito,Tienda Física,3252487.0,3,2,1,0,Los Lagos,VIP,Belleza,481124.0,ProvE,0.03425935933356058
83,2023-03-01,243,60,1,171611.0,Webpay,Marketplace,171611.0,3,2,1,0,O'Higgins,Premium,Deportes,427875.0,ProvA,0.5989225825299445
84,2023-03-02,107,147,17,264311.0,Webpay,App,4493287.0,3,3,1,0,Maule,Nuevo,Belleza,247716.0,ProvD,-0.06699203927077782
85,2023-03-03,226,49,9,106606.0,Tarjeta Crédito,Marketplace,959454.0,3,4,1,0,Metropolitana,VIP,Belleza,369211.0,ProvB,0.7112599570435334
86,2023-03-04,218,63,13,497820.0,Efectivo,Web,6471660.0,3,5,1,0,Maule,Nuevo,Ropa,49819.0,ProvD,-1.0
88,2023-03-05,259,150,19,325105.0,Tarjeta Débito,Web,6176995.0,3,6,1,1,Valparaíso,VIP,Hogar,221324.0,ProvA,-0.4689098335471978
89,2023-03-06,262,152,17,402403.0,Tarjeta Débito,Web,6840851.0,3,0,1,0,Los Lagos,Regular,Belleza,176107.0,ProvF,-1.0
90,2023-03-07,5,109,10,357835.0,Tarjeta Débito,Web,3578350.0,3,1,1,0,Biobío,Premium,Belleza,401937.0,ProvA,0.10972366316114217
91,2023-03-07,261,76,10,296986.0,Webpay,App,2969860.0,3,1,1,0,Metropolitana,Nuevo,Hogar,329688.0,ProvF,0.09919075004246439
92,2023-03-08,54,30,4,27621.0,Tarjeta Débito,Tienda Física,110484.0,3,2,1,0,Los Lagos,Regular,Alimentos,258634.0,ProvD,0.8932042964188777
95,2023-03-10,177,159,14,339088.0,Tarjeta Débito,Tienda Física,4747232.0,3,4,1,0,Araucanía,Regular,Belleza,350784.0,ProvC,0.03334245575624886
96,2023-03-11,9,100,18,187188.0,Tarjeta Crédito,Web,3369384.0,3,5,1,1,Araucanía,Nuevo,Belleza,422593.0,ProvD,0.5570489809343742
98,2023-03-12,20,19,15,84511.0,Transferencia,App,1267665.0,3,6,1,0,Maule,Nuevo,Belleza,261599.0,ProvC,0.676944483732736
99,2023-03-13,241,176,4,250679.0,Transferencia,Web,1002716.0,3,0,1,0,Biobío,Regular,Hogar,212687.0,ProvF,-0.17862868910652743
100,2023-03-14,61,173,13,345751.0,Webpay,App,4494763.0,3,1,1,0,Metropolitana,Regular,Belleza,,ProvF,
101,2023-03-15,178,94,8,348871.0,Tarjeta Débito,Marketplace,2790968.0,3,2,1,0,Coquimbo,VIP,Ropa,51288.0,ProvD,-1.0
103,2023-03-16,145,113,12,138369.0,Efectivo,Web,1660428.0,3,3,1,0,Maule,Premium,Deportes,403611.0,ProvA,0.6571723763722991
104,2023-03-17,216,,14,78947.0,Tarjeta Crédito,Tienda Física,1105258.0,3,4,1,0,Metropolitana,Regular,Belleza,,ProvF,
105,2023-03-17,3,146,2,318334.0,Tarjeta Crédito,Web,636668.0,3,4,1,0,O'Higgins,Regular,Belleza,46512.0,ProvC,-1.0
106,2023-03-18,160,63,18,300052.0,Transferencia,App,5400936.0,3,5,1,0,Araucanía,Premium,Ropa,49819.0,ProvD,-1.0
107,2023-03-19,227,116,2,90499.0,Transferencia,Tienda Física,180998.0,3,6,1,0,Valparaíso,Nuevo,Alimentos,186637.0,ProvD,0.515106865198219
108,2023-03-20,269,113,11,352864.0,Transferencia,Marketplace,3881504.0,3,0,1,0,O'Higgins,Nuevo,Deportes,403611.0,ProvA,0.12573245030487276
109,2023-03-20,120,47,9,228131.0,Tarjeta Débito,App,2053179.0,3,0,1,0,Maule,VIP,Belleza,140687.0,ProvC,-0.6215499655263101
110,2023-03-21,,57,12,334213.0,Efectivo,Marketplace,4010556.0,3,1,1,0,O'Higgins,Nuevo,Ropa,58920.0,ProvB,-1.0
111,2023-03-22,68,118,17,418846.0,Efectivo,Marketplace,7120382.0,3,2,1,0,Metropolitana,Premium,Alimentos,171061.0,ProvB,-1.0
112,2023-03-23,98,45,15,85694.0,Efectivo,Marketplace,1285410.0,3,3,1,0,O'Higgins,Nuevo,Hogar,357583.0,ProvB,0.7603521420201743
113,2023-03-23,267,161,17,10553.0,Efectivo,Web,179401.0,3,3,1,1,Maule,Premium,Belleza,411108.0,ProvD,0.9743303462837016
115,2023-03-25,123,198,6,305239.0,Tarjeta Crédito,App,1831434.0,3,5,1,0,Maule,Nuevo,Ropa,264323.0,ProvA,-0.15479545858665344
118,2023-03-27,195,47,8,401603.0,Transferencia,Marketplace,3212824.0,3,0,1,0,Metropolitana,Regular,Belleza,140687.0,ProvC,-1.0
119,2023-03-28,226,143,9,480499.0,Efectivo,App,4324491.0,3,1,1,0,Metropolitana,VIP,Deportes,376435.0,ProvB,-0.2764461327984911
120,2023-03-28,170,198,6,268432.0,Webpay,Web,1610592.0,3,1,1,0,Maule,Nuevo,Ropa,264323.0,ProvA,-0.015545374409340089
121,2023-03-29,,47,5,244759.0,Tarjeta Crédito,Marketplace,1223795.0,3,2,1,0,O'Higgins,Nuevo,Belleza,140687.0,ProvC,-0.7397414117864479
122,2023-03-30,40,78,12,201542.0,Webpay,Tienda Física,2418504.0,3,3,1,0,Araucanía,Nuevo,Belleza,36214.0,ProvD,-1.0
123,2023-03-31,25,124,11,77692.0,Tarjeta Débito,Tienda Física,854612.0,3,4,1,0,Coquimbo,Premium,Belleza,52459.0,ProvA,-0.4810042128138165
125,2023-04-01,226,,11,139229.0,Tarjeta Débito,Tienda Física,1531519.0,4,5,2,1,Metropolitana,VIP,Belleza,,ProvF,
126,2023-04-02,124,137,19,460732.0,Transferencia,App,8753908.0,4,6,2,0,Coquimbo,VIP,Belleza,,ProvF,
127,2023-04-03,38,90,9,292012.0,Webpay,App,2628108.0,4,0,2,0,Araucanía,VIP,Belleza,480634.0,ProvA,0.39244414668958083
128,2023-04-03,251,144,2,296827.0,Efectivo,App,593654.0,4,0,2,1,Metropolitana,VIP,Ropa,223580.0,ProvD,-0.32760980409696755
129,2023-04-04,176,69,12,178107.0,Efectivo,,2137284.0,4,1,2,0,Coquimbo,VIP,Deportes,308309.0,ProvB,0.4223100850121145
130,2023-04-05,90,61,4,26943.0,Transferencia,App,107772.0,4,2,2,0,O'Higgins,Nuevo,Belleza,352125.0,ProvC,0.9234845580404686
131,2023-04-05,37,138,4,16840.0,Efectivo,Web,67360.0,4,2,2,0,Biobío,Nuevo,Ropa,316287.0,ProvC,0.9467572173374182
132,2023-04-06,176,50,18,212244.0,Webpay,App,3820392.0,4,3,2,0,Coquimbo,VIP,Belleza,277623.0,ProvA,0.2354956181584379
133,2023-04-07,284,3,15,43198.0,Efectivo,App,647970.0,4,4,2,0,Biobío,VIP,Alimentos,398101.0,ProvF,0.8914898480536346
134,2023-04-08,81,107,19,303817.0,Webpay,Tienda Física,5772523.0,4,5,2,0,Biobío,VIP,Alimentos,438859.0,ProvF,0.3077115884600749
135,2023-04-08,114,113,13,440606.0,Tarjeta Débito,App,5727878.0,4,5,2,0,Metropolitana,Regular,Deportes,403611.0,ProvA,-0.09166003899794604
136,2023-04-09,40,94,19,441574.0,Webpay,Marketplace,8389906.0,4,6,2,0,Araucanía,Nuevo,Ropa,51288.0,ProvD,-1.0
137,2023-04-10,224,118,17,329864.0,Tarjeta Crédito,Web,5607688.0,4,0,2,0,Los Lagos,Premium,Alimentos,171061.0,ProvB,-0.9283413519153986
138,2023-04-11,115,198,6,106405.0,Tarjeta Crédito,,638430.0,4,1,2,0,O'Higgins,VIP,Ropa,264323.0,ProvA,0.5974432796237936
139,2023-04-11,186,81,16,431635.0,Tarjeta Crédito,Web,6906160.0,4,1,2,0,O'Higgins,Regular,Deportes,293302.0,ProvB,-0.47164015247083213
140,2023-04-12,56,109,12,443161.0,Transferencia,Marketplace,5317932.0,4,2,2,0,O'Higgins,VIP,Belleza,401937.0,ProvA,-0.10256333704038195
141,2023-04-13,,51,19,99130.0,Transferencia,Tienda Física,1883470.0,4,3,2,0,O'Higgins,Nuevo,Alimentos,306249.0,ProvA,0.676309147131909
142,2023-04-14,40,147,5,368976.0,Transferencia,Tienda Física,1844880.0,4,4,2,0,Araucanía,Nuevo,Belleza,247716.0,ProvD,-0.48951218330668994
143,2023-04-14,237,170,17,143973.0,Webpay,App,2447541.0,4,4,2,0,Coquimbo,Nuevo,Belleza,493015.0,ProvD,0.7079744024015496
144,2023-04-15,289,35,1,401518.0,Transferencia,Web,401518.0,4,5,2,0,O'Higgins,Premium,Hogar,40150.0,ProvF,-1.0
145,2023-04-16,262,46,10,498622.0,Tarjeta Débito,Marketplace,4986220.0,4,6,2,0,Los Lagos,Regular,Deportes,330438.0,ProvE,-0.5089729389476997
146,2023-04-16,216,154,15,15983.0,Tarjeta Crédito,Marketplace,239745.0,4,6,2,0,Metropolitana,Regular,Hogar,72353.0,ProvF,0.7790969275634735
147,2023-04-17,147,69,11,448786.0,Webpay,Tienda Física,4936646.0,4,0,2,0,O'Higgins,Regular,Deportes,308309.0,ProvB,-0.45563703946365497
148,2023-04-18,168,93,13,311693.0,Tarjeta Crédito,App,4052009.0,4,1,2,0,Maule,Regular,Deportes,35611.0,ProvF,-1.0
149,2023-04-19,92,64,5,486718.0,Transferencia,Tienda Física,2433590.0,4,2,2,0,Maule,VIP,Belleza,246316.0,ProvF,-0.9759901914613748
150,2023-04-19,59,165,1,233040.0,Webpay,Tienda Física,233040.0,4,2,2,0,Araucanía,VIP,Belleza,493333.0,ProvF,0.5276213024468259
151,2023-04-20,59,49,12,423847.0,Efectivo,Tienda Física,5086164.0,4,3,2,0,Araucanía,VIP,Belleza,369211.0,ProvB,-0.1479804231184878
153,2023-04-22,269,74,850,168304.0,Transferencia,Marketplace,143058400.0,4,5,2,0,O'Higgins,Nuevo,Alimentos,252065.0,ProvC,0.3322992085374804
154,2023-04-22,45,192,4,34441.0,Transferencia,Marketplace,137764.0,4,5,2,1,O'Higgins,Premium,Alimentos,112574.0,ProvE,0.6940590189564197
156,2023-04-24,170,,9,408670.0,Tarjeta Débito,Tienda Física,3678030.0,4,0,2,0,Maule,Nuevo,Belleza,,ProvF,
158,2023-04-25,155,90,19,469045.0,Transferencia,Tienda Física,8911855.0,4,1,2,0,Valparaíso,Regular,Belleza,480634.0,ProvA,0.02411190219584965
159,2023-04-26,188,4,12,43467.0,Transferencia,Marketplace,521604.0,4,2,2,1,Araucanía,VIP,Belleza,271278.5,ProvE,0.8397698306353065
161,2023-04-27,133,39,10,36446.0,Webpay,Marketplace,364460.0,4,3,2,0,Araucanía,Regular,Deportes,348291.0,ProvD,0.8953576176243428
162,2023-04-28,235,163,17,106186.0,Webpay,App,1805162.0,4,4,2,0,Biobío,Nuevo,Ropa,41593.0,ProvF,-1.0
164,2023-04-30,249,24,16,235084.0,Webpay,Web,3761344.0,4,6,2,1,Araucanía,Premium,Deportes,26789.0,ProvB,-1.0
165,2023-04-30,31,57,7,135013.0,Tarjeta Débito,Tienda Física,945091.0,4,6,2,0,Biobío,Nuevo,Ropa,58920.0,ProvB,-1.0
166,2023-05-01,23,100,9,51388.0,Webpay,Web,462492.0,5,0,2,0,Metropolitana,Regular,Belleza,422593.0,ProvD,0.8783983643836978
167,2023-05-02,,70,3,84578.0,Webpay,Tienda Física,253734.0,5,1,2,0,O'Higgins,Nuevo,Belleza,317912.0,ProvE,0.7339578248068648
168,2023-05-03,158,41,15,74491.0,Tarjeta Débito,Tienda Física,1117365.0,5,2,2,0,Maule,Regular,Belleza,87474.0,ProvF,0.14842124516999336
169,2023-05-03,39,182,16,486565.0,Efectivo,Marketplace,7785040.0,5,2,2,0,Araucanía,Nuevo,Deportes,29095.0,ProvC,-1.0
170,2023-05-04,82,174,18,379887.0,Webpay,Marketplace,6837966.0,5,3,2,1,Los Lagos,Premium,Deportes,388796.0,ProvB,0.022914330394345622
171,2023-05-05,,60,14,483913.0,Webpay,Marketplace,6774782.0,5,4,2,0,O'Higgins,Nuevo,Deportes,427875.0,ProvA,-0.1309681565877885
173,2023-05-06,77,188,12,139906.0,Tarjeta Crédito,Marketplace,1678872.0,5,5,2,0,Los Lagos,Premium,Belleza,481124.0,ProvE,0.7092100996832418
175,2023-05-08,295,31,7,163801.0,Tarjeta Crédito,Marketplace,1146607.0,5,0,2,0,Biobío,Regular,Belleza,162155.0,ProvB,-0.010150781659523296
176,2023-05-08,224,84,9,150392.0,Tarjeta Débito,Tienda Física,1353528.0,5,0,2,0,Los Lagos,Premium,Belleza,194697.0,ProvC,0.2275587194461137
177,2023-05-09,13,152,13,117020.0,Tarjeta Crédito,App,1521260.0,5,1,2,1,O'Higgins,Nuevo,Belleza,176107.0,ProvF,0.33551761145212855
178,2023-05-10,46,36,18,65710.0,Tarjeta Débito,,1182780.0,5,2,2,0,Maule,Nuevo,Belleza,13650.0,ProvA,-1.0
179,2023-05-11,155,158,5,128975.0,Tarjeta Débito,App,644875.0,5,3,2,1,Valparaíso,Regular,Belleza,42969.0,ProvB,-1.0
180,2023-05-11,113,152,13,178305.0,Tarjeta Crédito,App,2317965.0,5,3,2,1,Valparaíso,Regular,Belleza,176107.0,ProvF,-0.012481048453497021
181,2023-05-12,233,108,4,337323.0,Transferencia,Web,1349292.0,5,4,2,0,Biobío,Premium,Ropa,367800.0,ProvB,0.08286296900489397
182,2023-05-13,17,106,2,32220.0,Tarjeta Crédito,App,64440.0,5,5,2,0,Biobío,Nuevo,Alimentos,314842.0,ProvD,0.8976629547519073
186,2023-05-16,74,,6,171980.0,Tarjeta Débito,Marketplace,1031880.0,5,1,2,0,Coquimbo,Nuevo,Belleza,,ProvF,
187,2023-05-16,,183,11,432465.0,Transferencia,Tienda Física,4757115.0,5,1,2,0,O'Higgins,Nuevo,Belleza,60290.0,ProvF,-1.0
188,2023-05-17,224,14,1,78308.0,Webpay,Web,78308.0,5,2,2,0,Los Lagos,Premium,Belleza,,ProvF,
192,2023-05-20,278,144,13,282141.0,Tarjeta Débito,Marketplace,3667833.0,5,5,2,0,Araucanía,Nuevo,Ropa,223580.0,ProvD,-0.26192414348331694
194,2023-05-22,242,106,9,69437.0,Tarjeta Débito,App,624933.0,5,0,2,0,Biobío,Premium,Alimentos,314842.0,ProvD,0.7794544565210486
196,2023-05-23,192,44,7,253249.0,Webpay,App,1772743.0,5,1,2,0,O'Higgins,Nuevo,Belleza,275064.0,ProvF,0.07930881540296077
198,2023-05-24,12,,18,312375.0,Tarjeta Crédito,Marketplace,5622750.0,5,2,2,0,Maule,Premium,Belleza,,ProvF,
199,2023-05-25,193,184,3,137547.0,Efectivo,Tienda Física,412641.0,5,3,2,0,Biobío,Regular,Alimentos,59646.0,ProvA,-1.0
201,2023-05-27,120,84,12,42054.0,Webpay,Marketplace,504648.0,5,5,2,1,Maule,VIP,Belleza,194697.0,ProvC,0.784002835174656
202,2023-05-27,210,82,12,230332.0,Tarjeta Crédito,Marketplace,2763984.0,5,5,2,0,Coquimbo,Premium,Ropa,470175.0,ProvF,0.5101143191364917
203,2023-05-28,270,107,8,153925.0,Efectivo,Web,1231400.0,5,6,2,0,O'Higgins,Nuevo,Alimentos,438859.0,ProvF,0.6492609243515571
208,2023-06-01,164,161,13,362778.0,Webpay,Web,4716114.0,6,3,2,0,Metropolitana,Regular,Belleza,411108.0,ProvD,0.11756034910534457
210,2023-06-02,227,70,10,333939.0,Transferencia,Tienda Física,3339390.0,6,4,2,0,Valparaíso,Nuevo,Belleza,317912.0,ProvE,-0.05041332192556431
211,2023-06-03,7,127,12,388748.0,Tarjeta Crédito,App,4664976.0,6,5,2,0,Los Lagos,Regular,Belleza,413402.0,ProvF,0.059636866778583555
213,2023-06-04,33,160,10,157624.0,Tarjeta Crédito,App,1576240.0,6,6,2,1,Araucanía,VIP,Hogar,37309.0,ProvE,-1.0
214,2023-06-05,134,148,14,269473.0,Tarjeta Crédito,App,3772622.0,6,0,2,0,Valparaíso,Premium,Belleza,29722.0,ProvF,-1.0
215,2023-06-06,79,143,13,420214.0,Tarjeta Débito,App,5462782.0,6,1,2,0,O'Higgins,Premium,Deportes,376435.0,ProvB,-0.11629896263631172
216,2023-06-07,58,176,5,494736.0,Transferencia,Marketplace,2473680.0,6,2,2,0,Biobío,Regular,Hogar,212687.0,ProvF,-1.0
217,2023-06-07,26,199,6,444870.0,Tarjeta Crédito,Marketplace,2669220.0,6,2,2,1,O'Higgins,Nuevo,Ropa,496489.0,ProvA,0.10396806374360762
218,2023-06-08,226,149,2,186362.0,Tarjeta Débito,Marketplace,372724.0,6,3,2,0,Metropolitana,VIP,Alimentos,275215.0,ProvF,0.32284940864415096
219,2023-06-09,285,170,17,98388.0,Efectivo,Marketplace,1672596.0,6,4,2,0,O'Higgins,Nuevo,Belleza,493015.0,ProvD,0.8004360922081478
220,2023-06-10,4,154,4,245207.0,Tarjeta Débito,Tienda Física,980828.0,6,5,2,0,O'Higgins,Nuevo,Hogar,72353.0,ProvF,-1.0
221,2023-06-10,99,120,14,371079.0,Tarjeta Débito,Web,5195106.0,6,5,2,1,Metropolitana,Nuevo,Belleza,,ProvF,
222,2023-06-11,39,128,10,246792.0,Tarjeta Crédito,Marketplace,2467920.0,6,6,2,0,Araucanía,Nuevo,Hogar,160705.0,ProvE,-0.5356833950406024
223,2023-06-12,271,142,3,242107.0,Webpay,Tienda Física,726321.0,6,0,2,1,O'Higgins,Nuevo,Belleza,336587.0,ProvF,0.280700086456102
224,2023-06-12,285,57,3,419277.0,Webpay,Web,1257831.0,6,0,2,0,O'Higgins,Nuevo,Ropa,58920.0,ProvB,-1.0
225,2023-06-13,157,165,15,181340.0,Webpay,Marketplace,2720100.0,6,1,2,0,Biobío,Premium,Belleza,493333.0,ProvF,0.6324186705531558
228,2023-06-15,130,,12,164788.0,Tarjeta Débito,Tienda Física,1977456.0,6,3,2,0,Los Lagos,Regular,Belleza,,ProvF,
229,2023-06-16,175,69,11,227541.0,Tarjeta Débito,App,2502951.0,6,4,2,0,O'Higgins,Nuevo,Deportes,308309.0,ProvB,0.26197094473401683
230,2023-06-17,84,131,4,381461.0,Tarjeta Débito,App,1525844.0,6,5,2,0,Coquimbo,VIP,Hogar,6408.0,ProvD,-1.0
231,2023-06-18,,87,6,63875.0,Tarjeta Crédito,Web,383250.0,6,6,2,0,O'Higgins,Nuevo,Deportes,273263.0,ProvD,0.7662508279569499
232,2023-06-18,27,165,1,99013.0,Efectivo,Tienda Física,99013.0,6,6,2,0,Maule,Nuevo,Belleza,493333.0,ProvF,0.7992978373634037
233,2023-06-19,195,49,16,475771.0,Tarjeta Débito,App,7612336.0,6,0,2,0,Metropolitana,Regular,Belleza,369211.0,ProvB,-0.28861545295237684
234,2023-06-20,236,147,15,88570.0,Efectivo,Marketplace,1328550.0,6,1,2,0,Metropolitana,Nuevo,Belleza,247716.0,ProvD,0.6424534547627121
235,2023-06-20,92,115,17,284296.0,Efectivo,App,4833032.0,6,1,2,0,Maule,VIP,Deportes,321567.0,ProvF,0.11590430610106137
236,2023-06-21,21,89,8,290078.0,Webpay,Web,2320624.0,6,2,2,0,Biobío,Nuevo,Alimentos,193665.0,ProvA,-0.497833888415563
238,2023-06-23,262,128,10,322728.0,Efectivo,Tienda Física,3227280.0,6,4,2,0,Los Lagos,Regular,Hogar,160705.0,ProvE,-1.0
240,2023-06-24,257,189,9,276778.0,Webpay,App,2491002.0,6,5,2,1,Valparaíso,Regular,Hogar,188060.0,ProvB,-0.47175369562905456
241,2023-06-25,58,169,2,186714.0,Tarjeta Crédito,App,373428.0,6,6,2,0,Biobío,Regular,Belleza,473677.0,ProvA,0.6058199997044399
243,2023-06-26,162,178,6,71471.0,Efectivo,App,428826.0,6,0,2,0,O'Higgins,Premium,Belleza,56488.0,ProvF,-0.26524217532927347
244,2023-06-27,163,,70,285868.0,Tarjeta Crédito,Tienda Física,20010760.0,6,1,2,0,Valparaíso,Regular,Belleza,,ProvF,
245,2023-06-28,281,196,1,93450.0,Transferencia,Marketplace,93450.0,6,2,2,0,Biobío,VIP,Belleza,22537.0,ProvE,-1.0
246,2023-06-29,280,127,7,140043.0,Tarjeta Crédito,Marketplace,980301.0,6,3,2,0,Los Lagos,Regular,Belleza,413402.0,ProvF,0.6612425677669678
247,2023-06-29,12,71,12,110136.0,Efectivo,Tienda Física,1321632.0,6,3,2,1,Maule,Premium,Belleza,,ProvF,
250,2023-07-01,208,81,11,143568.0,Efectivo,Web,1579248.0,7,5,3,1,Los Lagos,VIP,Deportes,293302.0,ProvB,0.5105113500760309
252,2023-07-03,72,61,13,484993.0,Tarjeta Débito,Web,6304909.0,7,0,3,1,O'Higgins,VIP,Belleza,352125.0,ProvC,-0.37733191338303157
253,2023-07-04,60,61,7,286059.0,Webpay,Tienda Física,2002413.0,7,1,3,0,O'Higgins,Nuevo,Belleza,352125.0,ProvC,0.18762087326943558
255,2023-07-05,,28,15,187900.0,Efectivo,Web,2818500.0,7,2,3,0,O'Higgins,Nuevo,Belleza,363320.0,ProvE,0.48282505780028623
258,2023-07-07,27,169,11,44422.0,Tarjeta Débito,Web,488642.0,7,4,3,0,Maule,Nuevo,Belleza,473677.0,ProvA,0.9062187946638743
260,2023-07-09,50,86,1,422715.0,Tarjeta Crédito,,422715.0,7,6,3,0,Metropolitana,Premium,Ropa,229668.0,ProvF,-0.8405480955117822
261,2023-07-09,199,177,8,398167.0,Transferencia,Web,3185336.0,7,6,3,0,Valparaíso,Premium,Belleza,453271.0,ProvE,0.12156965700430868
262,2023-07-10,,17,13,88386.0,Tarjeta Crédito,App,1149018.0,7,0,3,0,O'Higgins,Nuevo,Belleza,180735.0,ProvA,0.5109635654411154
263,2023-07-11,24,98,4,336710.0,Webpay,Web,1346840.0,7,1,3,0,Coquimbo,VIP,Belleza,36523.0,ProvD,-1.0
264,2023-07-12,46,198,8,111032.0,Transferencia,App,888256.0,7,2,3,0,Maule,Nuevo,Ropa,264323.0,ProvA,0.5799381816943664
265,2023-07-12,15,198,3,109886.0,Transferencia,Tienda Física,329658.0,7,2,3,0,Araucanía,Nuevo,Ropa,264323.0,ProvA,0.5842737862388063
266,2023-07-13,153,98,9,437162.0,Webpay,Marketplace,3934458.0,7,3,3,1,Los Lagos,VIP,Belleza,36523.0,ProvD,-1.0
267,2023-07-14,222,65,2,125585.0,Webpay,Web,251170.0,7,4,3,0,Metropolitana,Premium,Ropa,237262.0,ProvF,0.47069062892498587
268,2023-07-15,206,74,2,132360.0,Tarjeta Débito,Marketplace,264720.0,7,5,3,0,Los Lagos,VIP,Alimentos,252065.0,ProvC,0.474897347906294
270,2023-07-16,236,5,15,435464.0,Efectivo,Tienda Física,6531960.0,7,6,3,0,Metropolitana,Nuevo,Hogar,169660.0,ProvB,-1.0
271,2023-07-17,228,2,12,396505.0,Webpay,Tienda Física,4758060.0,7,0,3,0,Biobío,VIP,Deportes,351281.0,ProvB,-0.12874023929560666
273,2023-07-18,166,112,8,375383.0,Tarjeta Débito,Marketplace,3003064.0,7,1,3,0,Los Lagos,Nuevo,Belleza,375557.0,ProvB,0.0004633118274988883
274,2023-07-19,214,57,9,76872.0,Tarjeta Débito,App,691848.0,7,2,3,0,Metropolitana,Nuevo,Ropa,58920.0,ProvB,-0.30468431771894094
275,2023-07-20,117,66,5,229703.0,Efectivo,Web,1148515.0,7,3,3,0,Araucanía,Premium,Alimentos,87428.0,ProvB,-1.0
276,2023-07-20,72,74,900,176258.0,Tarjeta Crédito,Web,158632200.0,7,3,3,0,O'Higgins,VIP,Alimentos,252065.0,ProvC,0.30074385575149265
277,2023-07-21,64,98,11,47794.0,Efectivo,App,525734.0,7,4,3,0,Los Lagos,VIP,Belleza,36523.0,ProvD,-0.30860006023601566
278,2023-07-22,205,144,15,243579.0,Tarjeta Débito,Marketplace,3653685.0,7,5,3,0,Metropolitana,Nuevo,Ropa,223580.0,ProvD,-0.08944896681277395
279,2023-07-23,209,112,9,460449.0,Efectivo,,4144041.0,7,6,3,0,Biobío,VIP,Belleza,375557.0,ProvB,-0.22604291758641165
280,2023-07-23,72,179,17,20990.0,Webpay,App,356830.0,7,6,3,0,O'Higgins,VIP,Belleza,246820.0,ProvC,0.9149582691840208
281,2023-07-24,277,125,12,146439.0,Webpay,Web,1757268.0,7,0,3,0,Coquimbo,Premium,Belleza,,ProvF,
282,2023-07-25,,167,7,104563.0,Tarjeta Débito,Tienda Física,731941.0,7,1,3,0,O'Higgins,Nuevo,Belleza,185950.0,ProvC,0.4376821726270503
283,2023-07-26,95,86,10,119835.0,Transferencia,Web,1198350.0,7,2,3,0,Biobío,Nuevo,Ropa,229668.0,ProvF,0.47822509013010084
285,2023-07-27,32,88,13,234566.0,Tarjeta Crédito,App,3049358.0,7,3,3,0,Metropolitana,Premium,Belleza,470791.0,ProvB,0.5017619283291311
286,2023-07-28,11,168,19,233683.0,Tarjeta Débito,Marketplace,4439977.0,7,4,3,0,Maule,VIP,Hogar,406587.0,ProvD,0.42525707905073207
287,2023-07-28,217,38,11,380527.0,Efectivo,App,4185797.0,7,4,3,0,Valparaíso,Nuevo,Deportes,418154.0,ProvA,0.08998359456085557
288,2023-07-29,289,188,13,78092.0,Efectivo,Tienda Física,1015196.0,7,5,3,0,O'Higgins,Premium,Belleza,481124.0,ProvE,0.8376884129663039
290,2023-07-31,267,138,8,215563.0,Webpay,Web,1724504.0,7,0,3,1,Maule,Premium,Ropa,316287.0,ProvC,0.31845760337920936
291,2023-07-31,214,99,4,298858.0,Tarjeta Débito,Web,1195432.0,7,0,3,0,Metropolitana,Nuevo,Belleza,160169.0,ProvA,-0.8658916519426356
293,2023-08-02,88,63,11,384955.0,Webpay,App,4234505.0,8,2,3,0,Los Lagos,Regular,Ropa,49819.0,ProvD,-1.0
294,2023-08-03,41,49,11,199535.0,Tarjeta Débito,Tienda Física,2194885.0,8,3,3,1,Biobío,Nuevo,Belleza,369211.0,ProvB,0.4595637724769847
295,2023-08-03,76,192,1,413949.0,Efectivo,Web,413949.0,8,3,3,0,Biobío,Nuevo,Alimentos,112574.0,ProvE,-1.0
296,2023-08-04,,32,17,86183.0,Tarjeta Débito,Marketplace,1465111.0,8,4,3,0,O'Higgins,Nuevo,Belleza,397798.0,ProvE,0.7833498408740114
298,2023-08-06,80,21,6,103020.0,Tarjeta Débito,Marketplace,618120.0,8,6,3,0,O'Higgins,Nuevo,Belleza,108695.0,ProvE,0.05221031326187957
299,2023-08-06,86,20,15,170865.0,Transferencia,Marketplace,2562975.0,8,6,3,0,Coquimbo,VIP,Deportes,385227.0,ProvC,0.556456323154919
300,2023-08-07,92,154,9,255780.0,Tarjeta Débito,App,2302020.0,8,0,3,0,Maule,VIP,Hogar,72353.0,ProvF,-1.0
301,2023-08-08,148,127,14,307949.0,Transferencia,Tienda Física,4311286.0,8,1,3,0,O'Higgins,Nuevo,Belleza,413402.0,ProvF,0.2550858486412741
302,2023-08-08,161,68,18,455392.0,Efectivo,Marketplace,8197056.0,8,1,3,0,Coquimbo,Premium,Deportes,199854.0,ProvF,-1.0
303,2023-08-09,202,110,17,255417.0,Webpay,Marketplace,4342089.0,8,2,3,0,O'Higgins,Regular,Alimentos,141735.0,ProvD,-0.8020742935760398
304,2023-08-10,242,116,18,251137.0,Transferencia,App,4520466.0,8,3,3,0,Biobío,Premium,Alimentos,186637.0,ProvD,-0.3455906385121921
305,2023-08-11,2,143,5,26071.0,Transferencia,App,130355.0,8,4,3,0,Coquimbo,Regular,Deportes,376435.0,ProvB,0.9307423592386468
306,2023-08-11,225,120,9,18421.0,Efectivo,Web,165789.0,8,4,3,0,Maule,Regular,Belleza,,ProvF,
308,2023-08-13,233,116,1,219651.0,Tarjeta Crédito,Web,219651.0,8,6,3,0,Biobío,Premium,Alimentos,186637.0,ProvD,-0.17688882697428698
310,2023-08-14,116,14,6,81179.0,Tarjeta Crédito,Web,487074.0,8,0,3,0,O'Higgins,VIP,Belleza,,ProvF,
311,2023-08-15,154,155,2,13461.0,Efectivo,,26922.0,8,1,3,0,Los Lagos,Premium,Belleza,271278.5,ProvA,0.9503794071406322
312,2023-08-16,103,125,15,225070.0,Transferencia,Tienda Física,3376050.0,8,2,3,1,Biobío,Premium,Belleza,,ProvF,
313,2023-08-16,194,168,14,119502.0,Tarjeta Crédito,,1673028.0,8,2,3,0,Los Lagos,VIP,Hogar,406587.0,ProvD,0.7060850445292152
314,2023-08-17,166,58,5,25758.0,Transferencia,Web,128790.0,8,3,3,1,Los Lagos,Nuevo,Deportes,23955.0,ProvD,-0.07526612398246713
315,2023-08-18,90,28,6,362575.0,Efectivo,Web,2175450.0,8,4,3,0,O'Higgins,Nuevo,Belleza,363320.0,ProvE,0.0020505339645491578
316,2023-08-19,174,26,6,56685.0,Transferencia,Tienda Física,340110.0,8,5,3,1,Maule,Regular,Belleza,270777.0,ProvC,0.7906579953245659
317,2023-08-19,,113,18,304551.0,Tarjeta Crédito,,5481918.0,8,5,3,0,O'Higgins,Nuevo,Deportes,403611.0,ProvA,0.2454343414822688
318,2023-08-20,143,191,14,141244.0,Tarjeta Crédito,Web,1977416.0,8,6,3,1,Biobío,Regular,Belleza,434431.0,ProvB,0.6748758721177817
319,2023-08-21,106,66,10,87575.0,Transferencia,Web,875750.0,8,0,3,0,O'Higgins,Regular,Alimentos,87428.0,ProvB,-0.0016813835384544998
320,2023-08-22,123,153,14,190496.0,Tarjeta Débito,,2666944.0,8,1,3,0,Maule,Nuevo,Hogar,211533.5,ProvC,0.09945233260925575
321,2023-08-22,9,131,13,400921.0,Efectivo,Tienda Física,5211973.0,8,1,3,0,Araucanía,Nuevo,Hogar,6408.0,ProvD,-1.0
322,2023-08-23,262,200,3,196655.0,Efectivo,App,589965.0,8,2,3,0,Los Lagos,Regular,Alimentos,37824.0,ProvC,-1.0
323,2023-08-24,73,44,6,375634.0,Transferencia,Web,2253804.0,8,3,3,0,Araucanía,Regular,Belleza,275064.0,ProvF,-0.3656240002326731
324,2023-08-25,223,97,8,63618.0,Tarjeta Débito,Tienda Física,508944.0,8,4,3,1,Biobío,VIP,Deportes,341820.0,ProvE,0.8138845006143585
325,2023-08-25,41,42,12,386613.0,Tarjeta Crédito,Web,4639356.0,8,4,3,0,Biobío,Nuevo,Belleza,79062.0,ProvB,-1.0
328,2023-08-27,178,180,12,283325.0,Transferencia,Web,3399900.0,8,6,3,0,Coquimbo,VIP,Deportes,6665.0,ProvD,-1.0
330,2023-08-29,111,89,17,194274.0,Tarjeta Débito,Web,3302658.0,8,1,3,0,Araucanía,Nuevo,Alimentos,193665.0,ProvA,-0.003144605375261405
331,2023-08-30,251,123,16,34016.0,Tarjeta Débito,App,544256.0,8,2,3,0,Metropolitana,VIP,Belleza,377517.0,ProvE,0.9098954484168925
334,2023-09-01,208,147,18,262843.0,Webpay,Marketplace,4731174.0,9,4,3,0,Los Lagos,VIP,Belleza,247716.0,ProvD,-0.06106589804453487
335,2023-09-02,22,,11,387847.0,Tarjeta Crédito,Marketplace,4266317.0,9,5,3,0,Biobío,Regular,Belleza,,ProvF,
336,2023-09-02,3,51,12,117978.0,Tarjeta Crédito,Marketplace,1415736.0,9,5,3,0,O'Higgins,Regular,Alimentos,306249.0,ProvA,0.6147644563737351
337,2023-09-03,127,11,6,173197.0,Transferencia,Web,1039182.0,9,6,3,0,Coquimbo,Regular,Belleza,271780.0,ProvC,0.36273088527485464
338,2023-09-04,297,12,9,16022.0,Tarjeta Débito,App,144198.0,9,0,3,0,Metropolitana,VIP,Hogar,143984.0,ProvA,0.8887237470830093
341,2023-09-06,12,152,3,466669.0,Efectivo,Tienda Física,1400007.0,9,2,3,0,Maule,Premium,Belleza,176107.0,ProvF,-1.0
342,2023-09-07,87,41,16,133483.0,Transferencia,,2135728.0,9,3,3,0,Maule,Regular,Belleza,87474.0,ProvF,-0.5259734321055399
343,2023-09-07,12,164,12,306120.0,Transferencia,Tienda Física,3673440.0,9,3,3,0,Maule,Premium,Belleza,43334.0,ProvB,-1.0
344,2023-09-08,25,85,11,339571.0,Webpay,App,3735281.0,9,4,3,0,Coquimbo,Premium,Belleza,322001.0,ProvA,-0.054565047934633744
346,2023-09-10,122,55,18,424207.0,Tarjeta Débito,Web,7635726.0,9,6,3,0,Coquimbo,Regular,Belleza,379165.0,ProvE,-0.11879261007740693
347,2023-09-10,147,137,19,473634.0,Webpay,Web,8999046.0,9,6,3,0,O'Higgins,Regular,Belleza,,ProvF,
348,2023-09-11,55,47,6,442543.0,Transferencia,Web,2655258.0,9,0,3,1,Coquimbo,Nuevo,Belleza,140687.0,ProvC,-1.0
349,2023-09-12,238,143,18,369794.0,Transferencia,Tienda Física,6656292.0,9,1,3,1,Biobío,Regular,Deportes,376435.0,ProvB,0.01764182395367062
350,2023-09-13,173,176,6,139455.0,Tarjeta Débito,Web,836730.0,9,2,3,0,Coquimbo,Nuevo,Hogar,212687.0,ProvF,0.34431817647529
351,2023-09-13,221,104,4,141526.0,Tarjeta Débito,Web,566104.0,9,2,3,0,Valparaíso,Regular,Belleza,59964.0,ProvE,-1.0
352,2023-09-14,119,42,12,481717.0,Tarjeta Crédito,Web,5780604.0,9,3,3,0,Los Lagos,Regular,Belleza,79062.0,ProvB,-1.0
353,2023-09-15,183,60,19,6132.0,Webpay,App,116508.0,9,4,3,1,Los Lagos,Regular,Deportes,427875.0,ProvA,0.9856687116564418
354,2023-09-15,288,198,2,358309.0,Tarjeta Crédito,Tienda Física,716618.0,9,4,3,0,Araucanía,Nuevo,Ropa,264323.0,ProvA,-0.35557253814461853
355,2023-09-16,300,12,17,353417.0,Webpay,Tienda Física,6008089.0,9,5,3,0,Los Lagos,Regular,Hogar,143984.0,ProvA,-1.0
356,2023-09-17,82,130,11,311722.0,Efectivo,Marketplace,3428942.0,9,6,3,0,Los Lagos,Premium,Belleza,195212.0,ProvF,-0.596838309120341
357,2023-09-18,211,,11,495064.0,Tarjeta Débito,Tienda Física,5445704.0,9,0,3,0,Los Lagos,Nuevo,Belleza,,ProvF,
358,2023-09-18,150,80,16,156628.0,Transferencia,App,2506048.0,9,0,3,1,O'Higgins,Nuevo,Ropa,14229.0,ProvB,-1.0
359,2023-09-19,37,131,2,170646.0,Transferencia,Tienda Física,341292.0,9,1,3,0,Biobío,Nuevo,Hogar,6408.0,ProvD,-1.0
360,2023-09-20,59,109,2,40391.0,Webpay,App,80782.0,9,2,3,0,Araucanía,VIP,Belleza,401937.0,ProvA,0.8995091270522495
361,2023-09-21,131,3,8,221956.0,Transferencia,App,1775648.0,9,3,3,0,Maule,Premium,Alimentos,398101.0,ProvF,0.4424630935365648
363,2023-09-22,243,114,10,172350.0,Transferencia,Marketplace,1723500.0,9,4,3,0,O'Higgins,Premium,Deportes,495262.0,ProvE,0.6520023745007693
366,2023-09-24,207,161,15,93681.0,Transferencia,Tienda Física,1405215.0,9,6,3,1,O'Higgins,Nuevo,Belleza,411108.0,ProvD,0.7721255728421729
367,2023-09-25,,129,1,186882.0,Transferencia,Tienda Física,186882.0,9,0,3,0,O'Higgins,Nuevo,Hogar,447866.0,ProvF,0.5827278694966798
369,2023-09-26,24,101,7,31842.0,Webpay,,222894.0,9,1,3,0,Coquimbo,VIP,Belleza,12613.0,ProvB,-1.0
370,2023-09-27,293,160,17,47088.0,Tarjeta Débito,App,800496.0,9,2,3,1,Coquimbo,VIP,Hogar,37309.0,ProvE,-0.2621083384706103
371,2023-09-28,4,124,18,82233.0,Tarjeta Débito,Marketplace,1480194.0,9,3,3,0,O'Higgins,Nuevo,Belleza,52459.0,ProvA,-0.5675670523647038
372,2023-09-29,220,176,600,298011.0,Efectivo,Tienda Física,178806600.0,9,4,3,0,Araucanía,Regular,Hogar,212687.0,ProvF,-0.40117167480852145
373,2023-09-29,20,107,9,76086.0,Webpay,Web,684774.0,9,4,3,0,Maule,Nuevo,Alimentos,438859.0,ProvF,0.8266276867968984
374,2023-09-30,152,101,5,484070.0,Tarjeta Crédito,Web,2420350.0,9,5,3,0,Coquimbo,Regular,Belleza,12613.0,ProvB,-1.0
375,2023-10-01,50,4,10,223911.0,Transferencia,Tienda Física,2239110.0,10,6,4,0,Metropolitana,Premium,Belleza,271278.5,ProvE,0.17460838216076835
376,2023-10-02,177,198,4,251257.0,Tarjeta Crédito,App,1005028.0,10,0,4,0,Araucanía,Regular,Ropa,264323.0,ProvA,0.049431945006677434
377,2023-10-02,96,110,5,124083.0,Transferencia,Web,620415.0,10,0,4,0,Maule,Regular,Alimentos,141735.0,ProvD,0.12454227960630755
378,2023-10-03,105,19,10,236009.0,Webpay,App,2360090.0,10,1,4,0,Metropolitana,VIP,Belleza,261599.0,ProvC,0.09782147485273261
379,2023-10-04,250,32,11,331295.0,Transferencia,Tienda Física,3644245.0,10,2,4,0,Coquimbo,Nuevo,Belleza,397798.0,ProvE,0.16717781386532862
380,2023-10-04,117,137,10,375837.0,Efectivo,Tienda Física,3758370.0,10,2,4,0,Araucanía,Premium,Belleza,,ProvF,
382,2023-10-06,66,139,2,289368.0,Efectivo,Tienda Física,578736.0,10,4,4,1,Metropolitana,Premium,Belleza,224774.0,ProvC,-0.28737309475295186
383,2023-10-07,262,46,8,452276.0,Webpay,Marketplace,3618208.0,10,5,4,0,Los Lagos,Regular,Deportes,330438.0,ProvE,-0.36871667302186795
384,2023-10-07,295,119,16,408887.0,Webpay,Marketplace,6542192.0,10,5,4,0,Biobío,Regular,Belleza,465448.0,ProvC,0.12151948230521992
387,2023-10-10,246,63,12,4432.0,Efectivo,App,53184.0,10,1,4,0,O'Higgins,Premium,Ropa,49819.0,ProvD,0.9110379574058091
388,2023-10-10,125,109,13,107011.0,Tarjeta Débito,Web,1391143.0,10,1,4,0,Los Lagos,VIP,Belleza,401937.0,ProvA,0.7337617586835747
389,2023-10-11,268,119,13,332098.0,Tarjeta Débito,Web,4317274.0,10,2,4,0,O'Higgins,Nuevo,Belleza,465448.0,ProvC,0.28649816950550866
390,2023-10-12,131,21,10,206188.0,Tarjeta Débito,App,2061880.0,10,3,4,0,Maule,Premium,Belleza,108695.0,ProvE,-0.8969409816458899
391,2023-10-12,237,158,4,201801.0,Transferencia,Marketplace,807204.0,10,3,4,0,Coquimbo,Nuevo,Belleza,42969.0,ProvB,-1.0
392,2023-10-13,18,13,9,442409.0,Tarjeta Débito,Marketplace,3981681.0,10,4,4,0,Metropolitana,VIP,Hogar,295826.0,ProvC,-0.4955041139047954
393,2023-10-14,40,162,2,447886.0,Efectivo,Marketplace,895772.0,10,5,4,0,Araucanía,Nuevo,Alimentos,353415.0,ProvF,-0.2673089710397125
394,2023-10-15,21,4,19,454678.0,Transferencia,Web,8638882.0,10,6,4,0,Biobío,Nuevo,Belleza,271278.5,ProvE,-0.676056156311687
395,2023-10-15,225,156,1,157625.0,Webpay,,157625.0,10,6,4,0,Maule,Regular,Hogar,309491.0,ProvB,0.4906960137774604
396,2023-10-16,282,102,7,345837.0,Tarjeta Crédito,Marketplace,2420859.0,10,0,4,0,O'Higgins,Nuevo,Belleza,407420.0,ProvC,0.15115360070688724
398,2023-10-18,100,128,3,96114.0,Webpay,Marketplace,288342.0,10,2,4,0,Metropolitana,VIP,Hogar,160705.0,ProvE,0.40192277776049284
399,2023-10-18,240,27,3,93132.0,Efectivo,App,279396.0,10,2,4,1,Maule,Regular,Deportes,321567.0,ProvE,0.7103807293658865
400,2023-10-19,87,69,3,171712.0,Tarjeta Crédito,Web,515136.0,10,3,4,0,Maule,Regular,Deportes,308309.0,ProvB,0.4430522625028786
401,2023-10-20,298,25,-85,215549.0,Webpay,App,-18321665.0,10,4,4,0,O'Higgins,Nuevo,Alimentos,266146.0,ProvC,0.19010993965718065
402,2023-10-21,14,131,7,415644.0,Tarjeta Crédito,App,2909508.0,10,5,4,1,O'Higgins,Premium,Hogar,6408.0,ProvD,-1.0
403,2023-10-21,,97,14,60826.0,Tarjeta Débito,Web,851564.0,10,5,4,0,O'Higgins,Nuevo,Deportes,341820.0,ProvE,0.8220525422737113
407,2023-10-24,14,162,18,246917.0,Tarjeta Débito,Web,4444506.0,10,1,4,0,O'Higgins,Premium,Alimentos,353415.0,ProvF,0.3013397846724106
408,2023-10-25,231,154,4,150671.0,Tarjeta Débito,App,602684.0,10,2,4,0,Los Lagos,VIP,Hogar,72353.0,ProvF,-1.0
409,2023-10-26,84,126,1,298445.0,Tarjeta Débito,Marketplace,298445.0,10,3,4,0,Coquimbo,VIP,Deportes,253121.0,ProvE,-0.1790606073774993
410,2023-10-26,130,133,18,217488.0,Webpay,Tienda Física,3914784.0,10,3,4,0,Los Lagos,Regular,Belleza,46552.0,ProvC,-1.0
411,2023-10-27,231,189,1,83038.0,Tarjeta Crédito,Tienda Física,83038.0,10,4,4,0,Los Lagos,VIP,Hogar,188060.0,ProvB,0.5584494310326491
412,2023-10-28,145,9,13,59175.0,Transferencia,Tienda Física,769275.0,10,5,4,0,Maule,Premium,Ropa,18935.0,ProvC,-1.0
413,2023-10-29,28,116,10,273801.0,Tarjeta Débito,Web,2738010.0,10,6,4,0,Coquimbo,VIP,Alimentos,186637.0,ProvD,-0.4670242234926622
414,2023-10-29,66,178,11,451304.0,Tarjeta Crédito,Web,4964344.0,10,6,4,0,Metropolitana,Premium,Belleza,56488.0,ProvF,-1.0
415,2023-10-30,163,134,9,172635.0,Webpay,Tienda Física,1553715.0,10,0,4,0,Valparaíso,Regular,Hogar,160338.0,ProvF,-0.07669423343187516
416,2023-10-31,229,60,9,366767.0,Tarjeta Crédito,Marketplace,3300903.0,10,1,4,0,O'Higgins,Nuevo,Deportes,427875.0,ProvA,0.14281741162722758
417,2023-10-31,261,172,5,329672.0,Webpay,Marketplace,1648360.0,10,1,4,0,Metropolitana,Nuevo,Ropa,188754.0,ProvD,-0.7465696091208663
418,2023-11-01,164,121,1,465846.0,Efectivo,Web,465846.0,11,2,4,0,Metropolitana,Regular,Belleza,215068.0,ProvE,-1.0
419,2023-11-02,287,139,17,410670.0,Webpay,Tienda Física,6981390.0,11,3,4,0,O'Higgins,Premium,Belleza,224774.0,ProvC,-0.8270351553115574
420,2023-11-03,10,194,2,283736.0,Webpay,Marketplace,567472.0,11,4,4,0,O'Higgins,Nuevo,Hogar,7065.0,ProvF,-1.0
421,2023-11-03,195,175,13,328858.0,Webpay,Marketplace,4275154.0,11,4,4,0,Metropolitana,Regular,Alimentos,279644.0,ProvF,-0.17598804193903678
422,2023-11-04,118,108,9,449295.0,Transferencia,Marketplace,4043655.0,11,5,4,0,Los Lagos,Regular,Ropa,367800.0,ProvB,-0.22157422512234912
424,2023-11-06,80,131,5,164071.0,Tarjeta Débito,Tienda Física,820355.0,11,0,4,0,O'Higgins,Nuevo,Hogar,6408.0,ProvD,-1.0
425,2023-11-06,93,76,11,6395.0,Tarjeta Débito,App,70345.0,11,0,4,0,O'Higgins,Nuevo,Hogar,329688.0,ProvF,0.9806028730193395
426,2023-11-07,266,30,19,413449.0,Tarjeta Crédito,Tienda Física,7855531.0,11,1,4,1,Metropolitana,Nuevo,Alimentos,258634.0,ProvD,-0.5985871927124817
428,2023-11-09,133,,12,53123.0,Tarjeta Crédito,Web,637476.0,11,3,4,0,Araucanía,Regular,Belleza,,ProvF,
431,2023-11-11,171,163,13,60236.0,Efectivo,Web,783068.0,11,5,4,0,Maule,Nuevo,Ropa,41593.0,ProvF,-0.4482244608467771
432,2023-11-11,1,180,7,490304.0,Webpay,Web,3432128.0,11,5,4,0,O'Higgins,Nuevo,Deportes,6665.0,ProvD,-1.0
436,2023-11-14,107,175,5,369694.0,Webpay,App,1848470.0,11,1,4,1,Maule,Nuevo,Alimentos,279644.0,ProvF,-0.32201656391698014
438,2023-11-16,204,58,4,329700.0,Tarjeta Débito,Tienda Física,1318800.0,11,3,4,1,Metropolitana,Premium,Deportes,23955.0,ProvD,-1.0
439,2023-11-17,165,75,10,266614.0,Transferencia,Tienda Física,2666140.0,11,4,4,0,Metropolitana,VIP,Belleza,428388.0,ProvC,0.3776342941445605
440,2023-11-17,120,185,15,52529.0,Tarjeta Crédito,Marketplace,787935.0,11,4,4,0,Maule,VIP,Belleza,324956.0,ProvF,0.838350422826475
441,2023-11-18,,23,18,87089.0,Webpay,App,1567602.0,11,5,4,0,O'Higgins,Nuevo,Ropa,43588.0,ProvE,-0.9980040378085712
442,2023-11-19,156,176,13,284419.0,Tarjeta Crédito,Tienda Física,3697447.0,11,6,4,0,O'Higgins,VIP,Hogar,212687.0,ProvF,-0.33726555924903734
443,2023-11-19,207,128,8,148882.0,Webpay,Marketplace,1191056.0,11,6,4,0,O'Higgins,Nuevo,Hogar,160705.0,ProvE,0.07356958402041007
444,2023-11-20,108,150,9,469220.0,Tarjeta Débito,App,4222980.0,11,0,4,0,O'Higgins,Regular,Hogar,221324.0,ProvA,-1.0
445,2023-11-21,251,17,16,409551.0,Tarjeta Crédito,App,6552816.0,11,1,4,0,Metropolitana,VIP,Belleza,180735.0,ProvA,-1.0
446,2023-11-22,130,69,19,491800.0,Tarjeta Débito,Marketplace,9344200.0,11,2,4,0,Los Lagos,Regular,Deportes,308309.0,ProvB,-0.5951529147705711
447,2023-11-22,293,108,16,130576.0,Tarjeta Crédito,App,2089216.0,11,2,4,0,Coquimbo,VIP,Ropa,367800.0,ProvB,0.6449809679173464
448,2023-11-23,20,139,7,484892.0,Transferencia,Marketplace,3394244.0,11,3,4,1,Maule,Nuevo,Belleza,224774.0,ProvC,-1.0
449,2023-11-24,282,94,14,216186.0,Efectivo,Tienda Física,3026604.0,11,4,4,0,O'Higgins,Nuevo,Ropa,51288.0,ProvD,-1.0
450,2023-11-25,285,15,14,174412.0,Tarjeta Débito,Marketplace,2441768.0,11,5,4,0,O'Higgins,Nuevo,Deportes,19637.0,ProvD,-1.0
451,2023-11-25,1,91,4,26124.0,Tarjeta Débito,App,104496.0,11,5,4,0,O'Higgins,Nuevo,Ropa,452770.0,ProvF,0.9423018309516973
454,2023-11-28,198,125,5,229507.0,Tarjeta Débito,Web,1147535.0,11,1,4,0,Araucanía,Nuevo,Belleza,,ProvF,
455,2023-11-28,245,16,1,114034.0,Tarjeta Crédito,Web,114034.0,11,1,4,0,Metropolitana,VIP,Hogar,411478.0,ProvD,0.7228673221897647
456,2023-11-29,59,162,3,307371.0,Tarjeta Crédito,App,922113.0,11,2,4,1,Araucanía,VIP,Alimentos,353415.0,ProvF,0.1302830949450363
457,2023-11-30,161,66,15,127176.0,Tarjeta Crédito,Marketplace,1907640.0,11,3,4,0,Coquimbo,Premium,Alimentos,87428.0,ProvB,-0.4546369584114929
458,2023-11-30,179,168,8,289238.0,Efectivo,Marketplace,2313904.0,11,3,4,0,Los Lagos,Premium,Hogar,406587.0,ProvD,0.28861965581782006
459,2023-12-01,206,156,4,180245.0,Tarjeta Débito,App,720980.0,12,4,4,0,Los Lagos,VIP,Hogar,309491.0,ProvB,0.4176082664762465
460,2023-12-02,,47,2,411953.0,Webpay,Tienda Física,823906.0,12,5,4,0,O'Higgins,Nuevo,Belleza,140687.0,ProvC,-1.0
462,2023-12-03,181,198,4,239198.0,Transferencia,App,956792.0,12,6,4,0,Metropolitana,Premium,Ropa,264323.0,ProvA,0.09505415722430512
463,2023-12-04,242,148,3,176059.0,Transferencia,,528177.0,12,0,4,0,Biobío,Premium,Belleza,29722.0,ProvF,-1.0
464,2023-12-05,216,124,2,181917.0,Transferencia,Marketplace,363834.0,12,1,4,0,Metropolitana,Regular,Belleza,52459.0,ProvA,-1.0
466,2023-12-06,299,200,13,164762.0,Efectivo,Marketplace,2141906.0,12,2,4,0,Biobío,Nuevo,Alimentos,37824.0,ProvC,-1.0
467,2023-12-07,126,87,5,105321.0,Tarjeta Débito,App,526605.0,12,3,4,0,Araucanía,Premium,Deportes,273263.0,ProvD,0.6145800931703158
468,2023-12-08,217,128,9,43259.0,Tarjeta Crédito,Tienda Física,389331.0,12,4,4,0,Valparaíso,Nuevo,Hogar,160705.0,ProvE,0.7308173361127532
469,2023-12-08,285,191,6,233880.0,Efectivo,Tienda Física,1403280.0,12,4,4,1,O'Higgins,Nuevo,Belleza,434431.0,ProvB,0.46164062877649154
470,2023-12-09,185,67,5,241584.0,Efectivo,Web,1207920.0,12,5,4,0,Metropolitana,Premium,Ropa,217492.0,ProvD,-0.11077189046033876
471,2023-12-10,39,4,10,420613.0,Tarjeta Débito,Tienda Física,4206130.0,12,6,4,0,Araucanía,Nuevo,Belleza,271278.5,ProvE,-0.5504840966018317
473,2023-12-11,,153,7,191115.0,Tarjeta Débito,App,1337805.0,12,0,4,1,O'Higgins,Nuevo,Hogar,211533.5,ProvC,0.09652608215719968
474,2023-12-12,178,47,7,404394.0,Tarjeta Crédito,Marketplace,2830758.0,12,1,4,0,Coquimbo,VIP,Belleza,140687.0,ProvC,-1.0
475,2023-12-13,294,38,6,411988.0,Webpay,,2471928.0,12,2,4,1,Coquimbo,Nuevo,Deportes,418154.0,ProvA,0.014745763522529976
476,2023-12-14,151,143,3,192921.0,Tarjeta Débito,Tienda Física,578763.0,12,3,4,0,O'Higgins,Regular,Deportes,376435.0,ProvB,0.4875051469709246
477,2023-12-14,126,191,19,230103.0,Webpay,Tienda Física,4371957.0,12,3,4,0,Araucanía,Premium,Belleza,434431.0,ProvB,0.47033475972018574
478,2023-12-15,234,21,150,152340.0,Tarjeta Crédito,App,22851000.0,12,4,4,0,Valparaíso,Regular,Belleza,108695.0,ProvE,-0.4015364092184553
479,2023-12-16,8,57,4,466345.0,Webpay,Web,1865380.0,12,5,4,0,Metropolitana,Regular,Ropa,58920.0,ProvB,-1.0
481,2023-12-17,264,181,6,466941.0,Webpay,Marketplace,2801646.0,12,6,4,0,Maule,Regular,Alimentos,234862.0,ProvF,-0.988150488371895
482,2023-12-18,157,46,19,342249.0,Tarjeta Débito,App,6502731.0,12,0,4,0,Biobío,Premium,Deportes,330438.0,ProvE,-0.0357434677609718
484,2023-12-19,86,145,15,17297.0,Tarjeta Débito,Tienda Física,259455.0,12,1,4,0,Coquimbo,VIP,Belleza,395019.0,ProvD,0.9562122328293069
485,2023-12-20,175,39,9,238322.0,Tarjeta Débito,Marketplace,2144898.0,12,2,4,0,O'Higgins,Nuevo,Deportes,348291.0,ProvD,0.31573885055887174
486,2023-12-21,290,137,5,204466.0,Tarjeta Débito,Marketplace,1022330.0,12,3,4,0,Araucanía,Regular,Belleza,,ProvF,
487,2023-12-22,193,99,13,81448.0,Tarjeta Débito,Web,1058824.0,12,4,4,0,Biobío,Regular,Belleza,160169.0,ProvA,0.4914871167329508
489,2023-12-23,218,115,5,485604.0,Efectivo,Marketplace,2428020.0,12,5,4,0,Maule,Nuevo,Deportes,321567.0,ProvF,-0.5101176426685574
490,2023-12-24,114,134,16,281532.0,Transferencia,App,4504512.0,12,6,4,0,Metropolitana,Regular,Hogar,160338.0,ProvF,-0.7558657336376904
491,2023-12-25,145,151,19,357662.0,Tarjeta Débito,Tienda Física,6795578.0,12,0,4,0,Maule,Premium,Deportes,443964.0,ProvF,0.1943896351956465
492,2023-12-25,26,187,14,35157.0,Tarjeta Débito,App,492198.0,12,0,4,0,O'Higgins,Nuevo,Alimentos,292101.0,ProvB,0.8796409461111054
493,2023-12-26,136,,16,209416.0,Tarjeta Débito,App,3350656.0,12,1,4,1,Los Lagos,Nuevo,Belleza,,ProvF,
494,2023-12-27,232,98,15,59063.0,Tarjeta Crédito,Tienda Física,885945.0,12,2,4,0,Valparaíso,Nuevo,Belleza,36523.0,ProvD,-0.6171453604577937
495,2023-12-27,76,120,4,306785.0,Efectivo,Tienda Física,1227140.0,12,2,4,0,Biobío,Nuevo,Belleza,,ProvF,
496,2023-12-28,289,46,7,469303.0,Tarjeta Crédito,Marketplace,3285121.0,12,3,4,0,O'Higgins,Premium,Deportes,330438.0,ProvE,-0.42024525024361603
498,2023-12-30,147,,8,39325.0,Tarjeta Débito,Web,314600.0,12,5,4,0,O'Higgins,Regular,Belleza,,ProvF,
499,2023-12-30,287,100,17,177978.0,Transferencia,App,3025626.0,12,5,4,0,O'Higgins,Premium,Belleza,422593.0,ProvD,0.5788430002390006
500,2023-12-31,142,72,16,275781.0,Tarjeta Débito,Tienda Física,4412496.0,12,6,4,0,Biobío,VIP,Belleza,187932.0,ProvF,-0.46745099291233
501,2024-01-01,53,190,10,202201.0,Webpay,Marketplace,2022010.0,1,0,1,0,Coquimbo,VIP,Alimentos,143570.0,ProvD,-0.40837918785261546
502,2024-01-02,69,35,10,416988.0,Tarjeta Débito,Tienda Física,4169880.0,1,1,1,0,O'Higgins,Nuevo,Hogar,40150.0,ProvF,-1.0
503,2024-01-02,90,147,2,407521.0,Tarjeta Crédito,Marketplace,815042.0,1,1,1,0,O'Higgins,Nuevo,Belleza,247716.0,ProvD,-0.6451137593050106
504,2024-01-03,220,30,9,306304.0,Transferencia,,2756736.0,1,2,1,1,Araucanía,Regular,Alimentos,258634.0,ProvD,-0.1843145139463489
505,2024-01-04,192,78,17,187356.0,Efectivo,Web,3185052.0,1,3,1,1,O'Higgins,Nuevo,Belleza,36214.0,ProvD,-1.0
506,2024-01-05,63,,11,128413.0,Tarjeta Débito,Tienda Física,1412543.0,1,4,1,0,Los Lagos,VIP,Belleza,,ProvF,
507,2024-01-05,73,113,10,53831.0,Transferencia,Web,538310.0,1,4,1,0,Araucanía,Regular,Deportes,403611.0,ProvA,0.866626529009368
508,2024-01-06,161,25,17,178094.0,Transferencia,Tienda Física,3027598.0,1,5,1,1,Coquimbo,Premium,Alimentos,266146.0,ProvC,0.33084096698804416
509,2024-01-07,169,168,4,207173.0,Efectivo,Marketplace,828692.0,1,6,1,0,Biobío,Regular,Hogar,406587.0,ProvD,0.4904583766819893
510,2024-01-07,89,88,16,338236.0,Transferencia,,5411776.0,1,6,1,0,Los Lagos,Premium,Belleza,470791.0,ProvB,0.28155805867146994
511,2024-01-08,176,14,15,329422.0,Tarjeta Crédito,Web,4941330.0,1,0,1,0,Coquimbo,VIP,Belleza,,ProvF,
513,2024-01-10,73,102,6,198234.0,Tarjeta Crédito,,1189404.0,1,2,1,0,Araucanía,Regular,Belleza,407420.0,ProvC,0.5134406754700309
514,2024-01-10,245,150,850,91708.0,Transferencia,App,77951800.0,1,2,1,0,Metropolitana,VIP,Hogar,221324.0,ProvA,0.5856391534582783
515,2024-01-11,77,176,1,79250.0,Tarjeta Crédito,App,79250.0,1,3,1,0,Los Lagos,Premium,Hogar,212687.0,ProvF,0.6273867232129844
516,2024-01-12,159,83,19,413824.0,Efectivo,Marketplace,7862656.0,1,4,1,0,Valparaíso,Regular,Belleza,288162.0,ProvC,-0.4360810932739223
518,2024-01-13,102,179,17,210172.0,Webpay,Tienda Física,3572924.0,1,5,1,0,Araucanía,Premium,Belleza,246820.0,ProvC,0.14848067417551253
519,2024-01-14,132,131,9,84934.0,Transferencia,App,764406.0,1,6,1,0,Maule,VIP,Hogar,6408.0,ProvD,-1.0
520,2024-01-15,102,170,2,439786.0,Efectivo,App,879572.0,1,0,1,0,Araucanía,Premium,Belleza,493015.0,ProvD,0.10796628905814225
522,2024-01-16,82,28,15,116459.0,Transferencia,Tienda Física,1746885.0,1,1,1,0,Los Lagos,Premium,Belleza,363320.0,ProvE,0.6794588792249256
523,2024-01-17,279,173,7,251711.0,Tarjeta Crédito,App,1761977.0,1,2,1,0,O'Higgins,VIP,Belleza,,ProvF,
524,2024-01-18,129,71,6,366012.0,Tarjeta Débito,Marketplace,2196072.0,1,3,1,0,Araucanía,Premium,Belleza,,ProvF,
525,2024-01-18,89,63,1,479101.0,Tarjeta Débito,App,479101.0,1,3,1,0,Los Lagos,Premium,Ropa,49819.0,ProvD,-1.0
526,2024-01-19,213,73,15,111003.0,Tarjeta Crédito,Web,1665045.0,1,4,1,0,O'Higgins,VIP,Deportes,321567.0,ProvC,0.6548059968840086
527,2024-01-20,143,124,7,443205.0,Tarjeta Débito,Marketplace,3102435.0,1,5,1,0,Biobío,Regular,Belleza,52459.0,ProvA,-1.0
528,2024-01-21,65,119,17,467218.0,Tarjeta Débito,Tienda Física,7942706.0,1,6,1,0,Metropolitana,VIP,Belleza,465448.0,ProvC,-0.0038027878517041644
531,2024-01-23,,175,9,315281.0,Transferencia,Tienda Física,2837529.0,1,1,1,0,O'Higgins,Nuevo,Alimentos,279644.0,ProvF,-0.12743702707728397
532,2024-01-24,93,142,13,202202.0,Tarjeta Débito,Tienda Física,2628626.0,1,2,1,0,O'Higgins,Nuevo,Belleza,336587.0,ProvF,0.3992578441829304
533,2024-01-24,224,120,6,376447.0,Tarjeta Crédito,Marketplace,2258682.0,1,2,1,0,Los Lagos,Premium,Belleza,,ProvF,
535,2024-01-26,102,181,3,339042.0,Tarjeta Débito,Tienda Física,1017126.0,1,4,1,0,Araucanía,Premium,Alimentos,234862.0,ProvF,-0.443579633997837
538,2024-01-28,265,168,12,412411.0,Webpay,App,4948932.0,1,6,1,0,Metropolitana,VIP,Hogar,406587.0,ProvD,-0.014324117593528569
540,2024-01-29,85,9,15,416632.0,Efectivo,App,6249480.0,1,0,1,0,Valparaíso,Premium,Ropa,18935.0,ProvC,-1.0
541,2024-01-30,282,64,13,270608.0,Webpay,App,3517904.0,1,1,1,0,O'Higgins,Nuevo,Belleza,246316.0,ProvF,-0.09862128322967245
543,2024-02-01,221,120,17,216220.0,Webpay,App,3675740.0,2,3,1,0,Valparaíso,Regular,Belleza,,ProvF,
544,2024-02-01,154,52,3,190141.0,Tarjeta Crédito,Tienda Física,570423.0,2,3,1,1,Los Lagos,Premium,Hogar,210380.0,ProvF,0.0962021104667744
545,2024-02-02,153,89,15,457615.0,Tarjeta Débito,App,6864225.0,2,4,1,0,Los Lagos,VIP,Alimentos,193665.0,ProvA,-1.0
546,2024-02-03,12,142,4,126333.0,Tarjeta Crédito,App,505332.0,2,5,1,0,Maule,Premium,Belleza,336587.0,ProvF,0.624664648367287
547,2024-02-03,133,53,4,422262.0,Transferencia,,1689048.0,2,5,1,0,Araucanía,Regular,Belleza,124618.0,ProvF,-1.0
548,2024-02-04,293,187,18,242526.0,Webpay,Tienda Física,4365468.0,2,6,1,1,Coquimbo,VIP,Alimentos,292101.0,ProvB,0.16971869319173846
549,2024-02-05,300,78,17,257534.0,Webpay,App,4378078.0,2,0,1,0,Los Lagos,Regular,Belleza,36214.0,ProvD,-1.0
550,2024-02-06,228,41,19,154926.0,Efectivo,App,2943594.0,2,1,1,0,Biobío,VIP,Belleza,87474.0,ProvF,-0.7711091295699294
551,2024-02-06,271,196,11,286948.0,Transferencia,App,3156428.0,2,1,1,0,O'Higgins,Nuevo,Belleza,22537.0,ProvE,-1.0
552,2024-02-07,43,68,3,163280.0,Webpay,Web,489840.0,2,2,1,0,O'Higgins,VIP,Deportes,199854.0,ProvF,0.1830035926226145
553,2024-02-08,21,8,8,20595.0,Tarjeta Débito,App,164760.0,2,3,1,1,Biobío,Nuevo,Belleza,289562.0,ProvC,0.92887533585208
554,2024-02-09,107,2,14,136727.0,Efectivo,Marketplace,1914178.0,2,4,1,0,Maule,Nuevo,Deportes,351281.0,ProvB,0.6107759884536881
556,2024-02-10,124,125,14,489199.0,Efectivo,,6848786.0,2,5,1,0,Coquimbo,VIP,Belleza,,ProvF,
558,2024-02-12,292,86,4,198182.0,Transferencia,App,792728.0,2,0,1,0,O'Higgins,Regular,Ropa,229668.0,ProvF,0.1370935437239842
559,2024-02-12,203,169,19,364457.0,Tarjeta Crédito,App,6924683.0,2,0,1,0,Los Lagos,Premium,Belleza,473677.0,ProvA,0.23057906548133011
560,2024-02-13,51,120,6,173557.0,Tarjeta Crédito,Tienda Física,1041342.0,2,1,1,0,Valparaíso,Nuevo,Belleza,,ProvF,
561,2024-02-14,271,127,1,335875.0,Transferencia,Tienda Física,335875.0,2,2,1,0,O'Higgins,Nuevo,Belleza,413402.0,ProvF,0.18753416771084805
563,2024-02-15,141,16,8,473431.0,Webpay,Marketplace,3787448.0,2,3,1,0,Valparaíso,Regular,Hogar,411478.0,ProvD,-0.1505621199675317
565,2024-02-17,290,113,1,391866.0,Tarjeta Débito,Marketplace,391866.0,2,5,1,0,Araucanía,Regular,Deportes,403611.0,ProvA,0.029099801541583356
566,2024-02-17,52,176,5,133698.0,Webpay,Web,668490.0,2,5,1,0,Coquimbo,Nuevo,Hogar,212687.0,ProvF,0.3713861213896477
568,2024-02-19,157,12,6,13859.0,Transferencia,Web,83154.0,2,0,1,0,Biobío,Premium,Hogar,143984.0,ProvA,0.9037462495832871
569,2024-02-20,239,35,8,302161.0,Tarjeta Débito,Marketplace,2417288.0,2,1,1,0,Biobío,Premium,Hogar,40150.0,ProvF,-1.0
570,2024-02-20,156,11,13,330093.0,Tarjeta Débito,App,4291209.0,2,1,1,0,O'Higgins,VIP,Belleza,271780.0,ProvC,-0.21455957024063582
574,2024-02-23,106,69,12,91410.0,Webpay,Marketplace,1096920.0,2,4,1,0,O'Higgins,Regular,Deportes,308309.0,ProvB,0.7035117366019156
576,2024-02-25,146,20,11,112115.0,Tarjeta Crédito,Marketplace,1233265.0,2,6,1,0,Biobío,Premium,Deportes,385227.0,ProvC,0.7089638057560866
577,2024-02-25,2,,10,154301.0,Efectivo,App,1543010.0,2,6,1,0,Coquimbo,Regular,Belleza,,ProvF,
578,2024-02-26,77,195,4,273683.0,Tarjeta Crédito,Tienda Física,1094732.0,2,0,1,0,Los Lagos,Premium,Belleza,484970.0,ProvA,0.43567024764418416
579,2024-02-27,132,172,12,209180.0,Webpay,Web,2510160.0,2,1,1,0,Maule,VIP,Ropa,188754.0,ProvD,-0.10821492524661729
581,2024-02-28,263,189,19,86297.0,Transferencia,App,1639643.0,2,2,1,0,Metropolitana,Regular,Hogar,188060.0,ProvB,0.5411198553653089
582,2024-02-29,108,137,5,209654.0,Tarjeta Débito,Web,1048270.0,2,3,1,1,O'Higgins,Regular,Belleza,,ProvF,
583,2024-03-01,74,,8,378884.0,Webpay,Tienda Física,3031072.0,3,4,1,0,Coquimbo,Nuevo,Belleza,,ProvF,
584,2024-03-02,,35,7,449084.0,Tarjeta Crédito,Web,3143588.0,3,5,1,0,O'Higgins,Nuevo,Hogar,40150.0,ProvF,-1.0
585,2024-03-02,159,65,14,42980.0,Tarjeta Débito,Tienda Física,601720.0,3,5,1,0,Valparaíso,Regular,Ropa,237262.0,ProvF,0.8188500476266743
586,2024-03-03,71,8,3,197159.0,Webpay,Web,591477.0,3,6,1,0,Valparaíso,Nuevo,Belleza,289562.0,ProvC,0.3191130051595168
587,2024-03-04,,45,18,51023.0,Efectivo,Marketplace,918414.0,3,0,1,0,O'Higgins,Nuevo,Hogar,357583.0,ProvB,0.8573114493697966
588,2024-03-04,298,87,16,9280.0,Transferencia,App,148480.0,3,0,1,1,O'Higgins,Nuevo,Deportes,273263.0,ProvD,0.9660400420108101
589,2024-03-05,36,175,19,331198.0,Tarjeta Débito,Marketplace,6292762.0,3,1,1,1,O'Higgins,Nuevo,Alimentos,279644.0,ProvF,-0.1843558238331593
590,2024-03-06,84,168,19,301622.0,Tarjeta Crédito,Marketplace,5730818.0,3,2,1,1,Coquimbo,VIP,Hogar,406587.0,ProvD,0.25816122994586643
592,2024-03-07,172,182,16,117673.0,Webpay,Tienda Física,1882768.0,3,3,1,0,Maule,Premium,Deportes,29095.0,ProvC,-1.0
593,2024-03-08,173,76,8,12830.0,Transferencia,Tienda Física,102640.0,3,4,1,0,Coquimbo,Nuevo,Hogar,329688.0,ProvF,0.9610844192084638
594,2024-03-09,47,174,1,417639.0,Tarjeta Crédito,Marketplace,417639.0,3,5,1,0,Metropolitana,Premium,Deportes,388796.0,ProvB,-0.07418543400652271
595,2024-03-10,141,,17,487371.0,Webpay,Web,8285307.0,3,6,1,0,Valparaíso,Regular,Belleza,,ProvF,
596,2024-03-10,118,15,12,68594.0,Webpay,,823128.0,3,6,1,1,Los Lagos,Regular,Deportes,19637.0,ProvD,-1.0
597,2024-03-11,277,105,11,116506.0,Tarjeta Débito,Marketplace,1281566.0,3,0,1,0,Coquimbo,Premium,Belleza,348672.0,ProvB,0.6658578836270191
598,2024-03-12,214,147,5,434336.0,Tarjeta Débito,Marketplace,2171680.0,3,1,1,0,Metropolitana,Nuevo,Belleza,247716.0,ProvD,-0.7533627218266079
600,2024-03-13,26,52,17,210394.0,Webpay,Tienda Física,3576698.0,3,2,1,1,O'Higgins,Nuevo,Hogar,210380.0,ProvF,-6.654624964350224e-05
601,2024-03-14,9,93,6,26261.0,Tarjeta Débito,Tienda Física,157566.0,3,3,1,0,Araucanía,Nuevo,Deportes,35611.0,ProvF,0.2625593215579456
602,2024-03-15,271,150,1,20657.0,Transferencia,Marketplace,20657.0,3,4,1,0,O'Higgins,Nuevo,Hogar,221324.0,ProvA,0.906666244962137
603,2024-03-15,10,21,5,287401.0,Transferencia,,1437005.0,3,4,1,1,O'Higgins,Nuevo,Belleza,108695.0,ProvE,-1.0
604,2024-03-16,121,51,14,197055.0,Webpay,Web,2758770.0,3,5,1,0,Araucanía,Nuevo,Alimentos,306249.0,ProvA,0.35655300098939097
605,2024-03-17,125,38,5,15298.0,Tarjeta Débito,Marketplace,76490.0,3,6,1,0,Los Lagos,VIP,Deportes,418154.0,ProvA,0.9634153924152346
606,2024-03-18,170,20,1,292043.0,Tarjeta Crédito,Web,292043.0,3,0,1,0,Maule,Nuevo,Deportes,385227.0,ProvC,0.24189374057373964
607,2024-03-18,72,157,18,6640.0,Tarjeta Crédito,Marketplace,119520.0,3,0,1,1,O'Higgins,VIP,Belleza,51460.0,ProvC,0.8709677419354839
608,2024-03-19,152,179,16,393899.0,Tarjeta Crédito,App,6302384.0,3,1,1,0,Coquimbo,Regular,Belleza,246820.0,ProvC,-0.5958957945061178
611,2024-03-21,154,,5,294588.0,Tarjeta Débito,Tienda Física,1472940.0,3,3,1,1,Los Lagos,Premium,Belleza,,ProvF,
612,2024-03-22,293,,2,199445.0,Transferencia,App,398890.0,3,4,1,0,Coquimbo,VIP,Belleza,,ProvF,
614,2024-03-23,50,4,7,272555.0,Tarjeta Crédito,Marketplace,1907885.0,3,5,1,1,Metropolitana,Premium,Belleza,271278.5,ProvE,-0.004705496381025404
615,2024-03-24,152,150,400,138344.0,Webpay,Marketplace,55337600.0,3,6,1,0,Coquimbo,Regular,Hogar,221324.0,ProvA,0.37492544866349786
617,2024-03-26,100,173,13,136475.0,Tarjeta Débito,Tienda Física,1774175.0,3,1,1,0,Metropolitana,VIP,Belleza,,ProvF,
619,2024-03-27,167,86,15,187986.0,Tarjeta Débito,Web,2819790.0,3,2,1,0,Coquimbo,Premium,Ropa,229668.0,ProvF,0.1814880610272219
621,2024-03-29,146,,19,26236.0,Webpay,Web,498484.0,3,4,1,0,Biobío,Premium,Belleza,,ProvF,
622,2024-03-29,164,91,18,213634.0,Efectivo,Web,3845412.0,3,4,1,0,Metropolitana,Regular,Ropa,452770.0,ProvF,0.5281622015592906
623,2024-03-30,242,183,10,416349.0,Tarjeta Débito,,4163490.0,3,5,1,0,Biobío,Premium,Belleza,60290.0,ProvF,-1.0
624,2024-03-31,69,,9,403019.0,Tarjeta Crédito,App,3627171.0,3,6,1,1,O'Higgins,Nuevo,Belleza,,ProvF,
625,2024-03-31,175,1,8,112935.0,Tarjeta Débito,Marketplace,903480.0,3,6,1,1,O'Higgins,Nuevo,Belleza,325332.0,ProvE,0.6528623068127328
626,2024-04-01,49,72,10,113813.0,Transferencia,Marketplace,1138130.0,4,0,2,0,Valparaíso,Nuevo,Belleza,187932.0,ProvF,0.394392652661601
627,2024-04-02,108,87,17,408835.0,Tarjeta Débito,Tienda Física,6950195.0,4,1,2,1,O'Higgins,Regular,Deportes,273263.0,ProvD,-0.49612278281362643
629,2024-04-03,161,6,6,48585.0,Efectivo,App,291510.0,4,2,2,0,Coquimbo,Premium,Alimentos,234862.0,ProvE,0.7931338402977067
630,2024-04-04,119,153,5,225579.0,Tarjeta Crédito,App,1127895.0,4,3,2,1,Los Lagos,Regular,Hogar,211533.5,ProvC,-0.06639846643675824
631,2024-04-05,149,145,9,169390.0,Transferencia,Tienda Física,1524510.0,4,4,2,0,Coquimbo,Premium,Belleza,395019.0,ProvD,0.5711851834975027
632,2024-04-06,150,61,5,435474.0,Efectivo,,2177370.0,4,5,2,0,O'Higgins,Nuevo,Belleza,352125.0,ProvC,-0.23670287539936102
633,2024-04-06,293,12,18,42679.0,Tarjeta Crédito,,768222.0,4,5,2,0,Coquimbo,VIP,Hogar,143984.0,ProvA,0.7035851205689521
634,2024-04-07,143,6,9,106352.0,Transferencia,Tienda Física,957168.0,4,6,2,0,Biobío,Regular,Alimentos,234862.0,ProvE,0.5471723820796893
636,2024-04-09,11,136,17,26596.0,Tarjeta Débito,Marketplace,452132.0,4,1,2,1,Maule,VIP,Ropa,475353.0,ProvF,0.944050000736295
637,2024-04-09,138,124,12,246775.0,Tarjeta Débito,App,2961300.0,4,1,2,1,Biobío,Regular,Belleza,52459.0,ProvA,-1.0
638,2024-04-10,,106,7,221611.0,Efectivo,Marketplace,1551277.0,4,2,2,0,O'Higgins,Nuevo,Alimentos,314842.0,ProvD,0.29611995858240003
639,2024-04-11,,193,3,167866.0,Tarjeta Débito,Marketplace,503598.0,4,3,2,0,O'Higgins,Nuevo,Belleza,481648.0,ProvB,0.6514757665348968
640,2024-04-11,254,185,10,197892.0,Webpay,Web,1978920.0,4,3,2,0,Los Lagos,Nuevo,Belleza,324956.0,ProvF,0.3910190918155073
643,2024-04-14,263,99,16,286426.0,Tarjeta Débito,Tienda Física,4582816.0,4,6,2,0,Metropolitana,Regular,Belleza,160169.0,ProvA,-0.7882736359720046
644,2024-04-14,85,168,2,402911.0,Tarjeta Crédito,Web,805822.0,4,6,2,0,Valparaíso,Premium,Hogar,406587.0,ProvD,0.009041115431629639
645,2024-04-15,146,142,10,380320.0,Transferencia,Web,3803200.0,4,0,2,0,Biobío,Premium,Belleza,336587.0,ProvF,-0.12993074598840715
646,2024-04-16,42,35,6,77796.0,Tarjeta Débito,Web,466776.0,4,1,2,0,Biobío,Premium,Hogar,40150.0,ProvF,-0.9376338729763387
647,2024-04-17,125,176,11,75475.0,Tarjeta Crédito,Web,830225.0,4,2,2,0,Los Lagos,VIP,Hogar,212687.0,ProvF,0.6451358098990535
648,2024-04-17,167,84,7,134819.0,Webpay,Web,943733.0,4,2,2,1,Coquimbo,Premium,Belleza,194697.0,ProvC,0.3075445435728337
649,2024-04-18,241,56,15,181176.0,Transferencia,Marketplace,2717640.0,4,3,2,0,Biobío,Regular,Belleza,8182.0,ProvA,-1.0
651,2024-04-19,188,141,9,340169.0,Tarjeta Crédito,Marketplace,3061521.0,4,4,2,0,Araucanía,VIP,Belleza,165004.0,ProvD,-1.0
652,2024-04-20,19,189,12,29284.0,Webpay,App,351408.0,4,5,2,0,O'Higgins,Nuevo,Hogar,188060.0,ProvB,0.8442837392321599
653,2024-04-21,68,49,19,18302.0,Tarjeta Crédito,,347738.0,4,6,2,0,Metropolitana,Premium,Belleza,369211.0,ProvB,0.9504294292423574
655,2024-04-22,102,113,15,348885.0,Webpay,Marketplace,5233275.0,4,0,2,0,Araucanía,Premium,Deportes,403611.0,ProvA,0.1355909526747289
658,2024-04-25,167,43,3,130654.0,Tarjeta Crédito,Marketplace,391962.0,4,3,2,0,Coquimbo,Premium,Belleza,125871.0,ProvA,-0.037999221425109836
659,2024-04-25,109,148,6,443157.0,Efectivo,Web,2658942.0,4,3,2,0,O'Higgins,Nuevo,Belleza,29722.0,ProvF,-1.0
660,2024-04-26,36,124,15,447949.0,Tarjeta Crédito,Tienda Física,6719235.0,4,4,2,0,O'Higgins,Nuevo,Belleza,52459.0,ProvA,-1.0
661,2024-04-27,,97,10,149346.0,Efectivo,Tienda Física,1493460.0,4,5,2,1,O'Higgins,Nuevo,Deportes,341820.0,ProvE,0.5630858346498157
662,2024-04-28,229,90,9,115767.0,Tarjeta Crédito,Marketplace,1041903.0,4,6,2,0,O'Higgins,Nuevo,Belleza,480634.0,ProvA,0.7591368900244261
663,2024-04-28,164,39,1,206241.0,Tarjeta Crédito,Web,206241.0,4,6,2,0,Metropolitana,Regular,Deportes,348291.0,ProvD,0.4078486093525242
664,2024-04-29,73,85,16,121025.0,Webpay,App,1936400.0,4,0,2,0,Araucanía,Regular,Belleza,322001.0,ProvA,0.6241471299778573
665,2024-04-30,136,177,6,336520.0,Tarjeta Débito,Tienda Física,2019120.0,4,1,2,1,Los Lagos,Nuevo,Belleza,453271.0,ProvE,0.2575743870664569
666,2024-04-30,70,192,9,413206.0,Tarjeta Débito,App,3718854.0,4,1,2,1,O'Higgins,Nuevo,Alimentos,112574.0,ProvE,-1.0
667,2024-05-01,196,62,4,336873.0,Transferencia,Tienda Física,1347492.0,5,2,2,0,O'Higgins,Nuevo,Ropa,237613.0,ProvE,-0.4177380867208444
668,2024-05-02,269,,2,412351.0,Webpay,Web,824702.0,5,3,2,0,O'Higgins,Nuevo,Belleza,,ProvF,
670,2024-05-03,130,54,1,79002.0,Tarjeta Débito,App,79002.0,5,4,2,0,Los Lagos,Regular,Alimentos,178630.0,ProvC,0.5577338632928399
672,2024-05-05,,9,10,180877.0,Tarjeta Débito,,1808770.0,5,6,2,0,O'Higgins,Nuevo,Ropa,18935.0,ProvC,-1.0
673,2024-05-06,,88,15,335964.0,Webpay,App,5039460.0,5,0,2,0,O'Higgins,Nuevo,Belleza,470791.0,ProvB,0.28638397930291787
674,2024-05-06,,37,19,136051.0,Tarjeta Crédito,,2584969.0,5,0,2,0,O'Higgins,Nuevo,Ropa,481362.0,ProvE,0.7173624008542427
675,2024-05-07,264,49,-80,41534.0,Tarjeta Débito,Marketplace,-3322720.0,5,1,2,0,Maule,Regular,Belleza,369211.0,ProvB,0.8875060602203076
676,2024-05-08,230,41,4,496298.0,Tarjeta Débito,Tienda Física,1985192.0,5,2,2,0,Valparaíso,Nuevo,Belleza,87474.0,ProvF,-1.0
678,2024-05-09,50,88,13,494222.0,Webpay,Web,6424886.0,5,3,2,0,Metropolitana,Premium,Belleza,470791.0,ProvB,-0.049769430596591696
680,2024-05-11,300,51,17,397115.0,Tarjeta Débito,Web,6750955.0,5,5,2,0,Los Lagos,Regular,Alimentos,306249.0,ProvA,-0.29670627495926516
681,2024-05-11,58,59,13,330052.0,Tarjeta Crédito,App,4290676.0,5,5,2,0,Biobío,Regular,Belleza,21324.0,ProvA,-1.0
682,2024-05-12,259,167,4,289326.0,Tarjeta Crédito,App,1157304.0,5,6,2,0,Valparaíso,VIP,Belleza,185950.0,ProvC,-0.5559343909653133
683,2024-05-13,130,183,7,433185.0,Tarjeta Crédito,Web,3032295.0,5,0,2,0,Los Lagos,Regular,Belleza,60290.0,ProvF,-1.0
685,2024-05-14,172,39,9,234373.0,Efectivo,Marketplace,2109357.0,5,1,2,0,Maule,Premium,Deportes,348291.0,ProvD,0.32707707061049524
687,2024-05-16,102,192,19,206184.0,Transferencia,Web,3917496.0,5,3,2,0,Araucanía,Premium,Alimentos,112574.0,ProvE,-0.8315419190932187
688,2024-05-17,209,11,1,214316.0,Efectivo,App,214316.0,5,4,2,0,Biobío,VIP,Belleza,271780.0,ProvC,0.2114357200677018
689,2024-05-17,291,147,10,165812.0,Transferencia,App,1658120.0,5,4,2,0,Araucanía,VIP,Belleza,247716.0,ProvD,0.3306366968625361
690,2024-05-18,286,139,4,282552.0,Tarjeta Débito,Marketplace,1130208.0,5,5,2,0,Coquimbo,Premium,Belleza,224774.0,ProvC,-0.25704930285531247
691,2024-05-19,116,77,9,425437.0,Tarjeta Crédito,,3828933.0,5,6,2,0,O'Higgins,VIP,Belleza,82304.0,ProvC,-1.0
692,2024-05-19,264,127,13,101563.0,Webpay,Marketplace,1320319.0,5,6,2,0,Maule,Regular,Belleza,413402.0,ProvF,0.7543238784524506
693,2024-05-20,150,46,14,467282.0,Transferencia,Tienda Física,6541948.0,5,0,2,0,O'Higgins,Nuevo,Deportes,330438.0,ProvE,-0.41412912558482984
694,2024-05-21,300,45,10,344855.0,Efectivo,Tienda Física,3448550.0,5,1,2,0,Los Lagos,Regular,Hogar,357583.0,ProvB,0.035594533297164575
695,2024-05-22,36,1,6,411813.0,Webpay,Web,2470878.0,5,2,2,0,O'Higgins,Nuevo,Belleza,325332.0,ProvE,-0.2658238353435875
696,2024-05-22,287,168,16,278539.0,Transferencia,Web,4456624.0,5,2,2,0,O'Higgins,Premium,Hogar,406587.0,ProvD,0.31493382720057456
697,2024-05-23,208,108,6,389979.0,Tarjeta Débito,Tienda Física,2339874.0,5,3,2,0,Los Lagos,VIP,Ropa,367800.0,ProvB,-0.06030179445350734
699,2024-05-25,158,76,10,409372.0,Tarjeta Débito,Web,4093720.0,5,5,2,0,Maule,Regular,Hogar,329688.0,ProvF,-0.24169517847176725
700,2024-05-25,121,72,18,21029.0,Tarjeta Crédito,Tienda Física,378522.0,5,5,2,0,Araucanía,Nuevo,Belleza,187932.0,ProvF,0.888103143690271
702,2024-05-27,12,189,3,495989.0,Tarjeta Débito,App,1487967.0,5,0,2,0,Maule,Premium,Hogar,188060.0,ProvB,-1.0
704,2024-05-28,136,12,15,105949.0,Tarjeta Crédito,App,1589235.0,5,1,2,0,Los Lagos,Nuevo,Hogar,143984.0,ProvA,0.2641612956995222
706,2024-05-30,144,161,9,127260.0,Webpay,Marketplace,1145340.0,5,3,2,0,Araucanía,Regular,Belleza,411108.0,ProvD,0.6904463060801541
708,2024-05-31,237,90,17,52318.0,Tarjeta Débito,Marketplace,889406.0,5,4,2,0,Coquimbo,Nuevo,Belleza,480634.0,ProvA,0.891147942093152
709,2024-06-01,279,103,11,63852.0,Tarjeta Crédito,Web,702372.0,6,5,2,0,O'Higgins,VIP,Deportes,141646.0,ProvA,0.5492142383124127
710,2024-06-02,115,197,9,489597.0,Tarjeta Débito,Tienda Física,4406373.0,6,6,2,0,O'Higgins,VIP,Belleza,445680.0,ProvA,-0.09853931071620894
713,2024-06-04,5,91,13,162840.0,Efectivo,Web,2116920.0,6,1,2,0,Biobío,Premium,Ropa,452770.0,ProvF,0.6403471961481547
715,2024-06-05,121,87,7,297527.0,Efectivo,Web,2082689.0,6,2,2,0,Araucanía,Nuevo,Deportes,273263.0,ProvD,-0.0887935798113905
716,2024-06-06,286,158,17,301972.0,Tarjeta Crédito,Web,5133524.0,6,3,2,0,Coquimbo,Premium,Belleza,42969.0,ProvB,-1.0
717,2024-06-07,149,175,15,341584.0,Transferencia,Marketplace,5123760.0,6,4,2,0,Coquimbo,Premium,Alimentos,279644.0,ProvF,-0.22149590193245697
718,2024-06-07,84,177,15,288104.0,Transferencia,Web,4321560.0,6,4,2,0,Coquimbo,VIP,Belleza,453271.0,ProvE,0.3643890740859221
720,2024-06-09,288,84,14,138685.0,Tarjeta Débito,App,1941590.0,6,6,2,0,Araucanía,Nuevo,Belleza,194697.0,ProvC,0.28768804860886404
721,2024-06-10,161,82,5,384522.0,Transferencia,Tienda Física,1922610.0,6,0,2,1,Coquimbo,Premium,Ropa,470175.0,ProvF,0.1821725953102568
722,2024-06-10,272,146,11,113910.0,Efectivo,Web,1253010.0,6,0,2,0,Araucanía,Premium,Belleza,46512.0,ProvC,-1.0
723,2024-06-11,38,194,16,346485.0,Efectivo,Tienda Física,5543760.0,6,1,2,0,Araucanía,VIP,Hogar,7065.0,ProvF,-1.0
724,2024-06-12,226,68,2,117433.0,Webpay,,234866.0,6,2,2,0,Metropolitana,VIP,Deportes,199854.0,ProvF,0.41240605642118744
725,2024-06-13,142,161,8,313040.0,Efectivo,App,2504320.0,6,3,2,0,Biobío,VIP,Belleza,411108.0,ProvD,0.23854558899364645
726,2024-06-13,292,127,11,373792.0,Webpay,App,4111712.0,6,3,2,0,O'Higgins,Regular,Belleza,413402.0,ProvF,0.09581472755332582
727,2024-06-14,151,164,18,110138.0,Tarjeta Crédito,Web,1982484.0,6,4,2,0,O'Higgins,Regular,Belleza,43334.0,ProvB,-1.0
728,2024-06-15,114,82,3,30912.0,Tarjeta Crédito,Web,92736.0,6,5,2,0,Metropolitana,Regular,Ropa,470175.0,ProvF,0.9342542670282342
729,2024-06-15,237,147,1,66356.0,Tarjeta Crédito,App,66356.0,6,5,2,0,Coquimbo,Nuevo,Belleza,247716.0,ProvD,0.7321287280595521
731,2024-06-17,258,168,1600,424874.0,Tarjeta Débito,Tienda Física,679798400.0,6,0,2,0,Maule,Premium,Hogar,406587.0,ProvD,-0.04497684382432296
732,2024-06-18,249,84,18,23453.0,Webpay,Marketplace,422154.0,6,1,2,0,Araucanía,Premium,Belleza,194697.0,ProvC,0.8795410304216295
733,2024-06-18,180,113,16,367341.0,Efectivo,App,5877456.0,6,1,2,0,Valparaíso,Premium,Deportes,403611.0,ProvA,0.08986375495216929
734,2024-06-19,190,76,10,171318.0,Efectivo,Tienda Física,1713180.0,6,2,2,0,Coquimbo,Regular,Hogar,329688.0,ProvF,0.4803632525296644
735,2024-06-20,154,122,18,239786.0,Tarjeta Crédito,App,4316148.0,6,3,2,0,Los Lagos,Premium,Belleza,375685.0,ProvF,0.36173656121484754
737,2024-06-21,262,41,19,166654.0,Tarjeta Débito,Marketplace,3166426.0,6,4,2,0,Los Lagos,Regular,Belleza,87474.0,ProvF,-0.9051832544527517
739,2024-06-23,101,2,13,7828.0,Tarjeta Crédito,App,101764.0,6,6,2,0,Araucanía,VIP,Deportes,351281.0,ProvB,0.9777158457189543
740,2024-06-24,244,191,14,41718.0,Tarjeta Débito,Tienda Física,584052.0,6,0,2,0,Coquimbo,Premium,Belleza,434431.0,ProvB,0.9039709413002295
742,2024-06-25,239,105,10,14898.0,Webpay,Marketplace,148980.0,6,1,2,0,Biobío,Premium,Belleza,348672.0,ProvB,0.9572721640969163
743,2024-06-26,49,194,6,316056.0,Efectivo,App,1896336.0,6,2,2,0,Valparaíso,Nuevo,Hogar,7065.0,ProvF,-1.0
744,2024-06-26,42,51,1,213773.0,Transferencia,App,213773.0,6,2,2,0,Biobío,Premium,Alimentos,306249.0,ProvA,0.30196343498264483
746,2024-06-28,82,10,8,88149.0,Efectivo,App,705192.0,6,4,2,0,Los Lagos,Premium,Hogar,233333.0,ProvC,0.6222180317400453
747,2024-06-29,291,142,19,148670.0,Webpay,Marketplace,2824730.0,6,5,2,0,Araucanía,VIP,Belleza,336587.0,ProvF,0.5583014198409326
749,2024-06-30,216,118,10,482686.0,Transferencia,App,4826860.0,6,6,2,0,Metropolitana,Regular,Alimentos,171061.0,ProvB,-1.0
750,2024-07-01,158,121,17,26158.0,Tarjeta Débito,Web,444686.0,7,0,3,1,Maule,Regular,Belleza,215068.0,ProvE,0.8783733516841186
751,2024-07-02,134,,9,445302.0,Efectivo,Web,4007718.0,7,1,3,0,Valparaíso,Premium,Belleza,,ProvF,
755,2024-07-04,73,198,17,35628.0,Efectivo,Tienda Física,605676.0,7,3,3,0,Araucanía,Regular,Ropa,264323.0,ProvA,0.8652103676184063
756,2024-07-05,163,155,1,45849.0,Tarjeta Crédito,Marketplace,45849.0,7,4,3,0,Valparaíso,Regular,Belleza,271278.5,ProvA,0.8309891863896328
757,2024-07-06,66,117,5,300855.0,Webpay,Web,1504275.0,7,5,3,0,Metropolitana,Premium,Belleza,388430.0,ProvB,0.2254588986432562
758,2024-07-07,130,,9,171138.0,Tarjeta Débito,Tienda Física,1540242.0,7,6,3,1,Los Lagos,Regular,Belleza,,ProvF,
759,2024-07-07,206,93,18,458717.0,Efectivo,Web,8256906.0,7,6,3,0,Los Lagos,VIP,Deportes,35611.0,ProvF,-1.0
760,2024-07-08,276,166,2,203889.0,Tarjeta Débito,Marketplace,407778.0,7,0,3,0,Metropolitana,Nuevo,Belleza,187761.0,ProvD,-0.08589643216642434
761,2024-07-09,256,131,11,72497.0,Webpay,Marketplace,797467.0,7,1,3,0,O'Higgins,Nuevo,Hogar,6408.0,ProvD,-1.0
762,2024-07-10,266,144,6,357645.0,Efectivo,Web,2145870.0,7,2,3,0,Metropolitana,Nuevo,Ropa,223580.0,ProvD,-0.5996287682261383
767,2024-07-13,164,169,5,396303.0,Webpay,Tienda Física,1981515.0,7,5,3,0,Metropolitana,Regular,Belleza,473677.0,ProvA,0.16334759762454162
768,2024-07-14,95,12,15,338504.0,Tarjeta Crédito,App,5077560.0,7,6,3,1,Biobío,Nuevo,Hogar,143984.0,ProvA,-1.0
769,2024-07-15,270,163,18,340137.0,Efectivo,Marketplace,6122466.0,7,0,3,1,O'Higgins,Nuevo,Ropa,41593.0,ProvF,-1.0
770,2024-07-15,110,65,2,473016.0,Tarjeta Débito,Tienda Física,946032.0,7,0,3,0,Valparaíso,VIP,Ropa,237262.0,ProvF,-0.9936441570921597
772,2024-07-17,25,45,13,1555.0,Efectivo,Tienda Física,20215.0,7,2,3,0,Coquimbo,Premium,Hogar,357583.0,ProvB,0.995651359264842
774,2024-07-18,117,62,7,109728.0,Transferencia,Tienda Física,768096.0,7,3,3,0,Araucanía,Premium,Ropa,237613.0,ProvE,0.538207084629208
775,2024-07-19,25,49,11,331255.0,Efectivo,App,3643805.0,7,4,3,0,Coquimbo,Premium,Belleza,369211.0,ProvB,0.10280300424418558
776,2024-07-20,79,,4,317222.0,Tarjeta Débito,Web,1268888.0,7,5,3,0,O'Higgins,Premium,Belleza,,ProvF,
777,2024-07-21,68,153,15,297137.0,Efectivo,Tienda Física,4457055.0,7,6,3,1,Metropolitana,Premium,Hogar,211533.5,ProvC,-0.40468058250820793
778,2024-07-21,173,23,1,9105.0,Transferencia,Marketplace,9105.0,7,6,3,0,Coquimbo,Nuevo,Ropa,43588.0,ProvE,0.7911122327246031
779,2024-07-22,12,152,3,364660.0,Tarjeta Débito,App,1093980.0,7,0,3,0,Maule,Premium,Belleza,176107.0,ProvF,-1.0
780,2024-07-23,288,38,14,162442.0,Efectivo,Web,2274188.0,7,1,3,0,Araucanía,Nuevo,Deportes,418154.0,ProvA,0.6115258971575066
782,2024-07-24,96,21,18,278733.0,Webpay,Marketplace,5017194.0,7,2,3,0,Maule,Regular,Belleza,108695.0,ProvE,-1.0
786,2024-07-27,20,164,16,415928.0,Efectivo,Tienda Física,6654848.0,7,5,3,0,Maule,Nuevo,Belleza,43334.0,ProvB,-1.0
787,2024-07-28,146,99,5,459280.0,Transferencia,Web,2296400.0,7,6,3,0,Biobío,Premium,Belleza,160169.0,ProvA,-1.0
788,2024-07-29,160,173,17,325244.0,Webpay,Marketplace,5529148.0,7,0,3,0,Araucanía,Premium,Belleza,,ProvF,
790,2024-07-30,254,73,18,201612.0,Transferencia,App,3629016.0,7,1,3,0,Los Lagos,Nuevo,Deportes,321567.0,ProvC,0.37303268059222494
791,2024-07-31,130,181,7,364741.0,Efectivo,Web,2553187.0,7,2,3,0,Los Lagos,Regular,Alimentos,234862.0,ProvF,-0.5530013369553184
792,2024-08-01,60,122,3,390131.0,Transferencia,App,1170393.0,8,3,3,1,O'Higgins,Nuevo,Belleza,375685.0,ProvF,-0.038452426900195645
794,2024-08-02,287,188,15,1015.0,Transferencia,Tienda Física,15225.0,8,4,3,0,O'Higgins,Premium,Belleza,481124.0,ProvE,0.9978903567479486
796,2024-08-03,266,98,3,178941.0,Transferencia,App,536823.0,8,5,3,0,Metropolitana,Nuevo,Belleza,36523.0,ProvD,-1.0
797,2024-08-04,130,32,4,127986.0,Webpay,Tienda Física,511944.0,8,6,3,0,Los Lagos,Regular,Belleza,397798.0,ProvE,0.6782638424527021
798,2024-08-05,267,195,5,7436.0,Transferencia,Marketplace,37180.0,8,0,3,0,Maule,Premium,Belleza,484970.0,ProvA,0.9846670928098645
799,2024-08-06,178,195,1,270609.0,Transferencia,Marketplace,270609.0,8,1,3,0,Coquimbo,VIP,Belleza,484970.0,ProvA,0.44200878404849786
800,2024-08-06,253,156,4,425724.0,Tarjeta Débito,Web,1702896.0,8,1,3,0,Araucanía,Premium,Hogar,309491.0,ProvB,-0.3755618095518125
801,2024-08-07,56,172,12,478858.0,Webpay,Marketplace,5746296.0,8,2,3,1,O'Higgins,VIP,Ropa,188754.0,ProvD,-1.0
802,2024-08-08,83,79,10,283307.0,Webpay,Tienda Física,2833070.0,8,3,3,1,Biobío,Nuevo,Deportes,321567.0,ProvE,0.1189798704469053
804,2024-08-09,149,63,14,43443.0,Tarjeta Crédito,App,608202.0,8,4,3,0,Coquimbo,Premium,Ropa,49819.0,ProvD,0.12798329954435056
805,2024-08-10,156,23,5,274888.0,Transferencia,App,1374440.0,8,5,3,0,O'Higgins,VIP,Ropa,43588.0,ProvE,-1.0
806,2024-08-11,190,104,4,190610.0,Webpay,Tienda Física,762440.0,8,6,3,0,Coquimbo,Regular,Belleza,59964.0,ProvE,-1.0
807,2024-08-11,263,75,14,303961.0,Tarjeta Crédito,Tienda Física,4255454.0,8,6,3,0,Metropolitana,Regular,Belleza,428388.0,ProvC,0.29045398097052205
808,2024-08-12,80,48,10,194974.0,Tarjeta Débito,Web,1949740.0,8,0,3,0,O'Higgins,Nuevo,Deportes,477478.0,ProvA,0.5916586732791878
809,2024-08-13,252,160,17,120909.0,Webpay,Web,2055453.0,8,1,3,0,Metropolitana,Regular,Hogar,37309.0,ProvE,-1.0
810,2024-08-14,97,57,10,48388.0,Webpay,Tienda Física,483880.0,8,2,3,1,Araucanía,Nuevo,Ropa,58920.0,ProvB,0.17875084860828241
811,2024-08-14,260,118,7,158144.0,Tarjeta Crédito,Tienda Física,1107008.0,8,2,3,0,Araucanía,VIP,Alimentos,171061.0,ProvB,0.07551107499663863
812,2024-08-15,260,100,16,49226.0,Transferencia,,787616.0,8,3,3,0,Araucanía,VIP,Belleza,422593.0,ProvD,0.883514398014165
813,2024-08-16,103,124,1,89272.0,Tarjeta Débito,App,89272.0,8,4,3,0,Biobío,Premium,Belleza,52459.0,ProvA,-0.7017480317962599
815,2024-08-17,273,152,9,222608.0,Transferencia,Tienda Física,2003472.0,8,5,3,0,Coquimbo,Premium,Belleza,176107.0,ProvF,-0.26404969705917425
817,2024-08-19,221,34,19,436936.0,Efectivo,Tienda Física,8301784.0,8,0,3,0,Valparaíso,Regular,Belleza,,ProvF,
819,2024-08-20,231,156,3,291775.0,Tarjeta Débito,App,875325.0,8,1,3,0,Los Lagos,VIP,Hogar,309491.0,ProvB,0.057242375384098404
820,2024-08-21,178,165,7,406424.0,Tarjeta Crédito,Tienda Física,2844968.0,8,2,3,0,Coquimbo,VIP,Belleza,493333.0,ProvF,0.17616701092365603
821,2024-08-22,63,7,9,164144.0,Tarjeta Débito,Web,1477296.0,8,3,3,0,Los Lagos,VIP,Alimentos,47897.0,ProvF,-1.0
822,2024-08-22,116,196,5,153566.0,Tarjeta Débito,Tienda Física,767830.0,8,3,3,0,O'Higgins,VIP,Belleza,22537.0,ProvE,-1.0
823,2024-08-23,191,165,10,201949.0,Tarjeta Crédito,Tienda Física,2019490.0,8,4,3,0,O'Higgins,Regular,Belleza,493333.0,ProvF,0.5906436423267853
824,2024-08-24,62,56,17,336581.0,Tarjeta Crédito,Tienda Física,5721877.0,8,5,3,0,Los Lagos,Nuevo,Belleza,8182.0,ProvA,-1.0
825,2024-08-25,256,65,12,341414.0,Transferencia,,4096968.0,8,6,3,0,O'Higgins,Nuevo,Ropa,237262.0,ProvF,-0.43897463563486777
826,2024-08-25,7,193,16,158304.0,Transferencia,Marketplace,2532864.0,8,6,3,0,Los Lagos,Regular,Belleza,481648.0,ProvB,0.6713284390260107
827,2024-08-26,155,47,3,67472.0,Tarjeta Crédito,Tienda Física,202416.0,8,0,3,0,Valparaíso,Regular,Belleza,140687.0,ProvC,0.5204105567678605
828,2024-08-27,92,148,9,316566.0,Efectivo,Web,2849094.0,8,1,3,0,Maule,VIP,Belleza,29722.0,ProvF,-1.0
829,2024-08-28,14,19,15,65035.0,Efectivo,Web,975525.0,8,2,3,1,O'Higgins,Premium,Belleza,261599.0,ProvC,0.7513943096112753
830,2024-08-28,229,157,5,289668.0,Tarjeta Débito,Tienda Física,1448340.0,8,2,3,0,O'Higgins,Nuevo,Belleza,51460.0,ProvC,-1.0
833,2024-08-30,183,163,15,376983.0,Tarjeta Débito,Tienda Física,5654745.0,8,4,3,0,Los Lagos,Regular,Ropa,41593.0,ProvF,-1.0
834,2024-08-31,62,171,16,436557.0,Webpay,Tienda Física,6984912.0,8,5,3,1,Los Lagos,Nuevo,Belleza,376936.0,ProvA,-0.15817274019992783
835,2024-09-01,219,126,13,250480.0,Tarjeta Crédito,Tienda Física,3256240.0,9,6,3,0,Metropolitana,Nuevo,Deportes,253121.0,ProvE,0.010433745125848902
836,2024-09-02,246,139,17,365394.0,Efectivo,App,6211698.0,9,0,3,1,O'Higgins,Premium,Belleza,224774.0,ProvC,-0.6256061644140336
837,2024-09-02,230,49,8,309967.0,Tarjeta Débito,App,2479736.0,9,0,3,0,Valparaíso,Nuevo,Belleza,369211.0,ProvB,0.16046109135426626
838,2024-09-03,79,113,2,94133.0,Webpay,App,188266.0,9,1,3,0,O'Higgins,Premium,Deportes,403611.0,ProvA,0.7667729571295133
839,2024-09-04,149,38,5,13819.0,Transferencia,Marketplace,69095.0,9,2,3,0,Coquimbo,Premium,Deportes,418154.0,ProvA,0.9669523668313588
841,2024-09-05,65,69,12,222074.0,Efectivo,Marketplace,2664888.0,9,3,3,0,Metropolitana,VIP,Deportes,308309.0,ProvB,0.27970315495168807
843,2024-09-07,213,162,1,425130.0,Tarjeta Débito,Web,425130.0,9,5,3,0,O'Higgins,VIP,Alimentos,353415.0,ProvF,-0.20292007979287807
845,2024-09-08,213,116,11,63649.0,Webpay,App,700139.0,9,6,3,0,O'Higgins,VIP,Alimentos,186637.0,ProvD,0.6589690147184106
848,2024-09-10,160,31,14,239767.0,Tarjeta Crédito,App,3356738.0,9,1,3,0,Araucanía,Premium,Belleza,162155.0,ProvB,-0.4786284727575468
850,2024-09-12,188,113,15,271146.0,Tarjeta Crédito,Tienda Física,4067190.0,9,3,3,0,Araucanía,VIP,Deportes,403611.0,ProvA,0.3281996774121617
851,2024-09-13,191,109,1900,43930.0,Tarjeta Débito,App,83467000.0,9,4,3,0,O'Higgins,Regular,Belleza,401937.0,ProvA,0.8907042645986809
852,2024-09-13,256,178,4,29456.0,Tarjeta Débito,App,117824.0,9,4,3,0,O'Higgins,Nuevo,Belleza,56488.0,ProvF,0.47854411556436766
853,2024-09-14,183,69,200,53636.0,Transferencia,Marketplace,10727200.0,9,5,3,0,Los Lagos,Regular,Deportes,308309.0,ProvB,0.8260316760133503
854,2024-09-15,117,158,9,293208.0,Efectivo,Marketplace,2638872.0,9,6,3,1,Araucanía,Premium,Belleza,42969.0,ProvB,-1.0
856,2024-09-16,196,88,11,117637.0,Efectivo,Web,1294007.0,9,0,3,0,O'Higgins,Nuevo,Belleza,470791.0,ProvB,0.7501290381506869
857,2024-09-17,34,187,14,319249.0,Tarjeta Débito,Web,4469486.0,9,1,3,0,O'Higgins,Premium,Alimentos,292101.0,ProvB,-0.09294045552736896
858,2024-09-18,52,67,7,410214.0,Webpay,Tienda Física,2871498.0,9,2,3,0,Coquimbo,Nuevo,Ropa,217492.0,ProvD,-0.8861107534989793
859,2024-09-18,112,75,15,21748.0,Efectivo,App,326220.0,9,2,3,0,Biobío,VIP,Belleza,428388.0,ProvC,0.9492329383642866
860,2024-09-19,,45,19,249567.0,Efectivo,Marketplace,4741773.0,9,3,3,1,O'Higgins,Nuevo,Hogar,357583.0,ProvB,0.3020725258191804
861,2024-09-20,82,4,15,344966.0,Webpay,Web,5174490.0,9,4,3,0,Los Lagos,Premium,Belleza,271278.5,ProvE,-0.27163044620196586
862,2024-09-21,232,154,8,126904.0,Tarjeta Débito,Tienda Física,1015232.0,9,5,3,0,Valparaíso,Nuevo,Hogar,72353.0,ProvF,-0.7539562975965061
863,2024-09-21,227,155,11,154578.0,Efectivo,App,1700358.0,9,5,3,0,Valparaíso,Nuevo,Belleza,271278.5,ProvA,0.43018705868692136
864,2024-09-22,,174,9,307205.0,Webpay,Web,2764845.0,9,6,3,0,O'Higgins,Nuevo,Deportes,388796.0,ProvB,0.2098555540694863
867,2024-09-24,21,51,1,291982.0,Webpay,Web,291982.0,9,1,3,0,Biobío,Nuevo,Alimentos,306249.0,ProvA,0.04658627456742716
868,2024-09-25,42,50,19,365381.0,Efectivo,Web,6942239.0,9,2,3,0,Biobío,Premium,Belleza,277623.0,ProvA,-0.3161049336690404
869,2024-09-26,113,6,3,183046.0,Tarjeta Débito,Web,549138.0,9,3,3,0,Valparaíso,Regular,Alimentos,234862.0,ProvE,0.2206231744598956
870,2024-09-27,105,59,10,320842.0,Efectivo,App,3208420.0,9,4,3,0,Metropolitana,VIP,Belleza,21324.0,ProvA,-1.0
871,2024-09-27,192,125,8,233625.0,Tarjeta Crédito,App,1869000.0,9,4,3,1,O'Higgins,Nuevo,Belleza,,ProvF,
872,2024-09-28,17,143,15,95778.0,Tarjeta Crédito,Tienda Física,1436670.0,9,5,3,0,Biobío,Nuevo,Deportes,376435.0,ProvB,0.745565635501481
873,2024-09-29,120,30,10,351167.0,Tarjeta Débito,Marketplace,3511670.0,9,6,3,0,Maule,VIP,Alimentos,258634.0,ProvD,-0.35777585313609195
876,2024-10-01,60,125,2,455758.0,Efectivo,Web,911516.0,10,1,4,0,O'Higgins,Nuevo,Belleza,,ProvF,
878,2024-10-02,29,170,13,158571.0,Tarjeta Débito,Tienda Física,2061423.0,10,2,4,0,Araucanía,Nuevo,Belleza,493015.0,ProvD,0.6783647556362382
879,2024-10-03,97,124,1,29384.0,Tarjeta Crédito,Tienda Física,29384.0,10,3,4,0,Araucanía,Nuevo,Belleza,52459.0,ProvA,0.43986732495853903
880,2024-10-04,10,101,2,383497.0,Transferencia,Marketplace,766994.0,10,4,4,0,O'Higgins,Nuevo,Belleza,12613.0,ProvB,-1.0
881,2024-10-05,242,35,16,351352.0,Tarjeta Débito,Web,5621632.0,10,5,4,0,Biobío,Premium,Hogar,40150.0,ProvF,-1.0
882,2024-10-05,232,87,15,166345.0,Transferencia,Marketplace,2495175.0,10,5,4,0,Valparaíso,Nuevo,Deportes,273263.0,ProvD,0.39126409356553943
883,2024-10-06,277,134,13,338156.0,Tarjeta Débito,Web,4396028.0,10,6,4,0,Coquimbo,Premium,Hogar,160338.0,ProvF,-1.0
884,2024-10-07,,196,16,198573.0,Webpay,Tienda Física,3177168.0,10,0,4,0,O'Higgins,Nuevo,Belleza,22537.0,ProvE,-1.0
885,2024-10-07,203,,17,378371.0,Webpay,Marketplace,6432307.0,10,0,4,0,Los Lagos,Premium,Belleza,,ProvF,
887,2024-10-09,290,29,17,206728.0,Tarjeta Crédito,Tienda Física,3514376.0,10,2,4,0,Araucanía,Regular,Belleza,487950.0,ProvB,0.5763336407418793
888,2024-10-10,264,77,7,467430.0,Transferencia,,3272010.0,10,3,4,0,Maule,Regular,Belleza,82304.0,ProvC,-1.0
889,2024-10-10,214,59,13,126189.0,Tarjeta Débito,Marketplace,1640457.0,10,3,4,0,Metropolitana,Nuevo,Belleza,21324.0,ProvA,-1.0
891,2024-10-12,79,,17,292687.0,Tarjeta Crédito,Tienda Física,4975679.0,10,5,4,0,O'Higgins,Premium,Belleza,,ProvF,
892,2024-10-13,173,145,3,484692.0,Efectivo,Tienda Física,1454076.0,10,6,4,1,Coquimbo,Nuevo,Belleza,395019.0,ProvD,-0.22700933372825105
893,2024-10-13,69,109,7,189542.0,Efectivo,Web,1326794.0,10,6,4,0,O'Higgins,Nuevo,Belleza,401937.0,ProvA,0.5284285845791753
894,2024-10-14,87,22,17,31956.0,Tarjeta Débito,App,543252.0,10,0,4,0,Maule,Regular,Belleza,311822.0,ProvB,0.8975184560422292
895,2024-10-15,101,68,7,170313.0,Transferencia,App,1192191.0,10,1,4,0,Araucanía,VIP,Deportes,199854.0,ProvF,0.14781290341949624
896,2024-10-16,8,69,1,253460.0,Tarjeta Débito,Tienda Física,253460.0,10,2,4,0,Metropolitana,Regular,Deportes,308309.0,ProvB,0.1779026885365007
897,2024-10-16,200,165,17,81800.0,Tarjeta Crédito,App,1390600.0,10,2,4,0,O'Higgins,VIP,Belleza,493333.0,ProvF,0.8341890771547819
898,2024-10-17,87,49,17,329393.0,Efectivo,App,5599681.0,10,3,4,1,Maule,Regular,Belleza,369211.0,ProvB,0.10784619093147278
899,2024-10-18,43,,11,498877.0,Tarjeta Débito,App,5487647.0,10,4,4,0,O'Higgins,VIP,Belleza,,ProvF,
900,2024-10-18,109,162,3,226418.0,Tarjeta Débito,App,679254.0,10,4,4,0,O'Higgins,Nuevo,Alimentos,353415.0,ProvF,0.35934241613966583
901,2024-10-19,152,109,15,178010.0,Tarjeta Débito,Tienda Física,2670150.0,10,5,4,1,Coquimbo,Regular,Belleza,401937.0,ProvA,0.5571196481040561
903,2024-10-21,133,53,16,58458.0,Transferencia,App,935328.0,10,0,4,0,Araucanía,Regular,Belleza,124618.0,ProvF,0.5309024378500699
904,2024-10-21,148,123,9,441754.0,Tarjeta Débito,,3975786.0,10,0,4,0,O'Higgins,Nuevo,Belleza,377517.0,ProvE,-0.17015657573036447
907,2024-10-24,228,131,9,330185.0,Webpay,Marketplace,2971665.0,10,3,4,0,Biobío,VIP,Hogar,6408.0,ProvD,-1.0
908,2024-10-24,139,42,19,221575.0,Tarjeta Crédito,Web,4209925.0,10,3,4,1,Maule,Regular,Belleza,79062.0,ProvB,-1.0
910,2024-10-26,28,160,19,31662.0,Tarjeta Débito,Tienda Física,601578.0,10,5,4,0,Coquimbo,VIP,Hogar,37309.0,ProvE,0.15135758128065613
911,2024-10-26,51,,9,407048.0,Tarjeta Débito,Marketplace,3663432.0,10,5,4,0,Valparaíso,Nuevo,Belleza,,ProvF,
913,2024-10-28,261,85,14,324734.0,Webpay,Web,4546276.0,10,0,4,0,Metropolitana,Nuevo,Belleza,322001.0,ProvA,-0.008487551280896644
914,2024-10-29,8,174,19,477328.0,Tarjeta Débito,Marketplace,9069232.0,10,1,4,0,Metropolitana,Regular,Deportes,388796.0,ProvB,-0.22770810399283944
915,2024-10-29,138,127,19,76565.0,Efectivo,Tienda Física,1454735.0,10,1,4,0,Biobío,Regular,Belleza,413402.0,ProvF,0.814792865056289
916,2024-10-30,38,21,2,239231.0,Transferencia,App,478462.0,10,2,4,0,Araucanía,VIP,Belleza,108695.0,ProvE,-1.0
917,2024-10-31,111,44,9,301302.0,Transferencia,Tienda Física,2711718.0,10,3,4,0,Araucanía,Nuevo,Belleza,275064.0,ProvF,-0.09538870953668964
919,2024-11-01,223,103,15,201329.0,Webpay,Marketplace,3019935.0,11,4,4,0,Biobío,VIP,Deportes,141646.0,ProvA,-0.421353232706889
920,2024-11-02,136,68,3,169704.0,Tarjeta Débito,Marketplace,509112.0,11,5,4,0,Los Lagos,Nuevo,Deportes,199854.0,ProvF,0.15086012789336214
921,2024-11-03,256,129,11,64285.0,Webpay,Marketplace,707135.0,11,6,4,0,O'Higgins,Nuevo,Hogar,447866.0,ProvF,0.8564637637150397
922,2024-11-04,49,92,14,196479.0,Efectivo,Marketplace,2750706.0,11,0,4,0,Valparaíso,Nuevo,Belleza,98700.0,ProvB,-0.9906686930091185
923,2024-11-04,292,191,8,82168.0,Webpay,App,657344.0,11,0,4,0,O'Higgins,Regular,Belleza,434431.0,ProvB,0.8108606430019957
924,2024-11-05,78,24,18,367448.0,Tarjeta Débito,App,6614064.0,11,1,4,0,Biobío,Nuevo,Deportes,26789.0,ProvB,-1.0
927,2024-11-07,217,111,2,276631.0,Transferencia,Web,553262.0,11,3,4,0,Valparaíso,Nuevo,Ropa,89542.0,ProvC,-1.0
928,2024-11-08,119,98,8,298020.0,Tarjeta Débito,Web,2384160.0,11,4,4,0,Los Lagos,Regular,Belleza,36523.0,ProvD,-1.0
929,2024-11-09,190,139,6,436085.0,Tarjeta Débito,Marketplace,2616510.0,11,5,4,0,Coquimbo,Regular,Belleza,224774.0,ProvC,-0.9401042825237794
930,2024-11-09,255,179,12,288914.0,Tarjeta Débito,Web,3466968.0,11,5,4,0,O'Higgins,Nuevo,Belleza,246820.0,ProvC,-0.17054533668260272
931,2024-11-10,266,17,15,173395.0,Efectivo,Tienda Física,2600925.0,11,6,4,0,Metropolitana,Nuevo,Belleza,180735.0,ProvA,0.04061194566630703
933,2024-11-12,164,82,4,270599.0,Webpay,App,1082396.0,11,1,4,0,Metropolitana,Regular,Ropa,470175.0,ProvF,0.42447173924602544
934,2024-11-12,140,104,15,40561.0,Tarjeta Crédito,App,608415.0,11,1,4,0,Maule,Nuevo,Belleza,59964.0,ProvE,0.3235774798212261
937,2024-11-14,181,165,18,198760.0,Transferencia,Marketplace,3577680.0,11,3,4,0,Metropolitana,Premium,Belleza,493333.0,ProvF,0.5971078358836729
938,2024-11-15,160,85,2,148867.0,Tarjeta Débito,Marketplace,297734.0,11,4,4,0,Araucanía,Premium,Belleza,322001.0,ProvA,0.5376815599951553
939,2024-11-16,288,8,13,72591.0,Webpay,Marketplace,943683.0,11,5,4,0,Araucanía,Nuevo,Belleza,289562.0,ProvC,0.7493075748889703
940,2024-11-17,288,28,13,76571.0,Transferencia,Web,995423.0,11,6,4,0,Araucanía,Nuevo,Belleza,363320.0,ProvE,0.7892463943630958
941,2024-11-17,226,5,15,216953.0,Tarjeta Débito,App,3254295.0,11,6,4,0,Metropolitana,VIP,Hogar,169660.0,ProvB,-0.2787516208888365
942,2024-11-18,,145,10,298244.0,Transferencia,Web,2982440.0,11,0,4,0,O'Higgins,Nuevo,Belleza,395019.0,ProvD,0.24498821575671043
943,2024-11-19,10,101,3,41227.0,Tarjeta Crédito,App,123681.0,11,1,4,0,O'Higgins,Nuevo,Belleza,12613.0,ProvB,-1.0
946,2024-11-21,183,147,14,293725.0,Webpay,Web,4112150.0,11,3,4,0,Los Lagos,Regular,Belleza,247716.0,ProvD,-0.18573285536662953
947,2024-11-22,153,,8,414391.0,Tarjeta Crédito,Marketplace,3315128.0,11,4,4,0,Los Lagos,VIP,Belleza,,ProvF,
949,2024-11-23,114,117,11,238943.0,Tarjeta Crédito,Marketplace,2628373.0,11,5,4,0,Metropolitana,Regular,Belleza,388430.0,ProvB,0.38484926498983085
950,2024-11-24,278,98,11,315416.0,Webpay,,3469576.0,11,6,4,0,Araucanía,Nuevo,Belleza,36523.0,ProvD,-1.0
952,2024-11-25,172,54,2,391951.0,Webpay,Marketplace,783902.0,11,0,4,0,Maule,Premium,Alimentos,178630.0,ProvC,-1.0
953,2024-11-26,288,173,17,139258.0,Transferencia,App,2367386.0,11,1,4,0,Araucanía,Nuevo,Belleza,,ProvF,
955,2024-11-28,113,140,2,63049.0,Transferencia,App,126098.0,11,3,4,0,Valparaíso,Regular,Deportes,147312.0,ProvE,0.5720036385358966
957,2024-11-29,32,139,16,485499.0,Transferencia,Web,7767984.0,11,4,4,0,Metropolitana,Premium,Belleza,224774.0,ProvC,-1.0
958,2024-11-30,222,5,4,89400.0,Tarjeta Débito,Web,357600.0,11,5,4,0,Metropolitana,Premium,Hogar,169660.0,ProvB,0.4730637746080396
960,2024-12-01,39,20,9,21102.0,Efectivo,Web,189918.0,12,6,4,0,Araucanía,Nuevo,Deportes,385227.0,ProvC,0.9452219081217048
961,2024-12-02,268,169,5,203306.0,Tarjeta Débito,Tienda Física,1016530.0,12,0,4,0,O'Higgins,Nuevo,Belleza,473677.0,ProvA,0.5707919109435332
962,2024-12-03,233,46,16,258625.0,Transferencia,Tienda Física,4138000.0,12,1,4,0,Biobío,Premium,Deportes,330438.0,ProvE,0.21732669971371332
963,2024-12-03,18,12,13,290742.0,Efectivo,Marketplace,3779646.0,12,1,4,1,Metropolitana,VIP,Hogar,143984.0,ProvA,-1.0
964,2024-12-04,149,70,7,468033.0,Efectivo,Web,3276231.0,12,2,4,0,Coquimbo,Premium,Belleza,317912.0,ProvE,-0.472209290621304
965,2024-12-05,149,17,17,336453.0,Tarjeta Débito,App,5719701.0,12,3,4,0,Coquimbo,Premium,Belleza,180735.0,ProvA,-0.8615818740144411
966,2024-12-06,126,115,3,241158.0,Webpay,Web,723474.0,12,4,4,0,Araucanía,Premium,Deportes,321567.0,ProvF,0.2500536435641717
968,2024-12-07,135,154,19,475316.0,Efectivo,Web,9031004.0,12,5,4,1,Biobío,Premium,Hogar,72353.0,ProvF,-1.0
969,2024-12-08,151,48,12,12011.0,Tarjeta Débito,Tienda Física,144132.0,12,6,4,0,O'Higgins,Regular,Deportes,477478.0,ProvA,0.9748449143206598
970,2024-12-09,236,108,7,491278.0,Webpay,Marketplace,3438946.0,12,0,4,1,Metropolitana,Nuevo,Ropa,367800.0,ProvB,-0.3357205002718869
971,2024-12-09,224,52,9,43980.0,Tarjeta Débito,Marketplace,395820.0,12,0,4,0,Los Lagos,Premium,Hogar,210380.0,ProvF,0.7909497100484837
972,2024-12-10,203,96,6,407379.0,Tarjeta Débito,Marketplace,2444274.0,12,1,4,1,Los Lagos,Premium,Belleza,48127.0,ProvA,-1.0
973,2024-12-11,256,70,17,140887.0,Efectivo,Tienda Física,2395079.0,12,2,4,1,O'Higgins,Nuevo,Belleza,317912.0,ProvE,0.5568364830519137
974,2024-12-12,86,183,16,66958.0,Tarjeta Débito,Web,1071328.0,12,3,4,0,Coquimbo,VIP,Belleza,60290.0,ProvF,-0.11059877259910433
975,2024-12-12,150,102,3,220488.0,Tarjeta Crédito,Web,661464.0,12,3,4,0,O'Higgins,Nuevo,Belleza,407420.0,ProvC,0.4588189092337146
976,2024-12-13,235,75,4,322334.0,Webpay,App,1289336.0,12,4,4,0,Biobío,Nuevo,Belleza,428388.0,ProvC,0.2475652912780003
977,2024-12-14,22,161,10,191095.0,Webpay,Tienda Física,1910950.0,12,5,4,1,Biobío,Regular,Belleza,411108.0,ProvD,0.5351708066979967
978,2024-12-14,285,190,5,28228.0,Webpay,App,141140.0,12,5,4,0,O'Higgins,Nuevo,Alimentos,143570.0,ProvD,0.8033851083095355
979,2024-12-15,269,151,10,300131.0,Transferencia,Marketplace,3001310.0,12,6,4,0,O'Higgins,Nuevo,Deportes,443964.0,ProvF,0.32397446639817645
980,2024-12-16,258,143,12,451299.0,Tarjeta Débito,Web,5415588.0,12,0,4,0,Maule,Premium,Deportes,376435.0,ProvB,-0.19887630002523676
981,2024-12-17,29,155,10,192224.0,Efectivo,Tienda Física,1922240.0,12,1,4,1,Araucanía,Nuevo,Belleza,271278.5,ProvA,0.29141454261948513
982,2024-12-17,213,192,13,108950.0,Webpay,App,1416350.0,12,1,4,1,O'Higgins,VIP,Alimentos,112574.0,ProvE,0.032192158047151205
983,2024-12-18,283,179,11,221846.0,Tarjeta Crédito,App,2440306.0,12,2,4,0,Coquimbo,Nuevo,Belleza,246820.0,ProvC,0.10118304837533425
985,2024-12-20,95,82,8,410423.0,Tarjeta Débito,Web,3283384.0,12,4,4,0,Biobío,Nuevo,Ropa,470175.0,ProvF,0.12708459616100387
986,2024-12-20,88,92,8,413344.0,Tarjeta Débito,Web,3306752.0,12,4,4,0,Los Lagos,Regular,Belleza,98700.0,ProvB,-1.0
987,2024-12-21,44,179,8,294412.0,Efectivo,Web,2355296.0,12,5,4,0,Valparaíso,Regular,Belleza,246820.0,ProvC,-0.19282067903735517
989,2024-12-22,171,4,2,400092.0,Efectivo,Web,800184.0,12,6,4,1,Maule,Nuevo,Belleza,271278.5,ProvE,-0.4748385883879482
990,2024-12-23,189,135,12,277789.0,Webpay,Tienda Física,3333468.0,12,0,4,0,O'Higgins,Regular,Alimentos,475081.0,ProvF,0.4152807626488957
991,2024-12-24,184,109,10,413140.0,Tarjeta Crédito,App,4131400.0,12,1,4,1,Valparaíso,Premium,Belleza,401937.0,ProvA,-0.02787252728661457
992,2024-12-25,3,163,12,316098.0,Efectivo,App,3793176.0,12,2,4,0,O'Higgins,Regular,Ropa,41593.0,ProvF,-1.0
993,2024-12-25,191,48,-55,392418.0,Transferencia,Marketplace,-21582990.0,12,2,4,0,O'Higgins,Regular,Deportes,477478.0,ProvA,0.17814433335148425
994,2024-12-26,118,73,15,299683.0,Efectivo,Web,4495245.0,12,3,4,0,Los Lagos,Regular,Deportes,321567.0,ProvC,0.0680542468599079
995,2024-12-27,19,72,16,207656.0,Tarjeta Débito,,3322496.0,12,4,4,0,O'Higgins,Nuevo,Belleza,187932.0,ProvF,-0.10495285528808293
996,2024-12-28,23,116,17,479015.0,Webpay,Web,8143255.0,12,5,4,0,Metropolitana,Regular,Alimentos,186637.0,ProvD,-1.0
998,2024-12-29,295,81,18,302940.0,Webpay,App,5452920.0,12,6,4,1,Biobío,Regular,Deportes,293302.0,ProvB,-0.03286032826233711
999,2024-12-30,108,81,12,111023.0,Webpay,Web,1332276.0,12,0,4,0,O'Higgins,Regular,Deportes,293302.0,ProvB,0.6214720663343585
1000,2024-12-31,281,113,19,313200.0,Webpay,App,5950800.0,12,1,4,0,Biobío,VIP,Deportes,403611.0,ProvA,0.22400529222444385
